"DATA";"DOCUMENTO";"LOCALIZADOR DO GASTO";"FASE";"ESPÉCIE";"Favorecido";"UF DO FAVORECIDO";"UG";"Unidade Orcamentária";"Órgão";"Órgão Superior";"VALOR";"Grupo de Despesa";"Elemento de Despesa";"Modalidade de Despesa";"Plano Orçamentário";"Autor da Emenda";"Função (Área de Atuação)";"Subfunção (Especificação da Área de Atuação)";"Subtítulo (Localizador)";"Programa de Governo";"Ação";
"29/04/2015";"158716264392015NE000001";"0035 - FUNCIONAMENTO DAS INSTITUICOES DA RED - NO ESTADO DE SAO PAU";"Empenho";"ORIGINAL";"158716 - IFSP - CAMPUS JACAREI";"SP";"IFSP - CAMPUS JACAREI";"INST.FED.DE EDUC.,CIENC.E TEC.DE SAO PAULO";"Instituto Federal de Educação, Ciência e Tecnologia de São Paulo";"Ministério da Educação";"2.710,50";"3 - Outras Despesas Correntes";"36 - Outros Serviços de Terceiros - Pessoa Física";"90 - Aplicações Diretas";"0000 - FUNCIONAMENTO DE INSTITUICOES FEDERAIS DE EDUCACAO PROFISSIONAL E TECNOLOGICA";"0000";"12 - Educação";"363 - Ensino profissional";"20RL0035 - FUNCIONAMENTO DAS INSTITUICOES DA RED - NO ESTADO DE SAO PAU";"2031 - EDUCACAO PROFISSIONAL E TECNOLOGICA";"20RL - FUNCIONAMENTO DAS INSTITUICOES DA REDE FEDERAL DE EDUCACAO PROFISSIONAL, CIENTIFICA E TECNOLOGICA";
"07/05/2015";"158716264392015NE000002";"0035 - FUNCIONAMENTO DAS INSTITUICOES DA RED - NO ESTADO DE SAO PAU";"Empenho";"ORIGINAL";"158716 - IFSP - CAMPUS JACAREI";"SP";"IFSP - CAMPUS JACAREI";"INST.FED.DE EDUC.,CIENC.E TEC.DE SAO PAULO";"Instituto Federal de Educação, Ciência e Tecnologia de São Paulo";"Ministério da Educação";"8.400,00";"3 - Outras Despesas Correntes";"36 - Outros Serviços de Terceiros - Pessoa Física";"90 - Aplicações Diretas";"0000 - FUNCIONAMENTO DE INSTITUICOES FEDERAIS DE EDUCACAO PROFISSIONAL E TECNOLOGICA";"0000";"12 - Educação";"363 - Ensino profissional";"20RL0035 - FUNCIONAMENTO DAS INSTITUICOES DA RED - NO ESTADO DE SAO PAU";"2031 - EDUCACAO PROFISSIONAL E TECNOLOGICA";"20RL - FUNCIONAMENTO DAS INSTITUICOES DA REDE FEDERAL DE EDUCACAO PROFISSIONAL, CIENTIFICA E TECNOLOGICA";
"08/05/2015";"158716264392015NE000003";"0035 - FUNCIONAMENTO DAS INSTITUICOES DA RED - NO ESTADO DE SAO PAU";"Empenho";"ANULAÇÃO";"158716 - IFSP - CAMPUS JACAREI";"SP";"IFSP - CAMPUS JACAREI";"INST.FED.DE EDUC.,CIENC.E TEC.DE SAO PAULO";"Instituto Federal de Educação, Ciência e Tecnologia de São Paulo";"Ministério da Educação";"8.400,00";"3 - Outras Despesas Correntes";"36 - Outros Serviços de Terceiros - Pessoa Física";"90 - Aplicações Diretas";"0000 - FUNCIONAMENTO DE INSTITUICOES FEDERAIS DE EDUCACAO PROFISSIONAL E TECNOLOGICA";"0000";"12 - Educação";"363 - Ensino profissional";"20RL0035 - FUNCIONAMENTO DAS INSTITUICOES DA RED - NO ESTADO DE SAO PAU";"2031 - EDUCACAO PROFISSIONAL E TECNOLOGICA";"20RL - FUNCIONAMENTO DAS INSTITUICOES DA REDE FEDERAL DE EDUCACAO PROFISSIONAL, CIENTIFICA E TECNOLOGICA";
"08/05/2015";"158716264392015NE000004";"0035 - FUNCIONAMENTO DAS INSTITUICOES DA RED - NO ESTADO DE SAO PAU";"Empenho";"ORIGINAL";"158716 - IFSP - CAMPUS JACAREI";"SP";"IFSP - CAMPUS JACAREI";"INST.FED.DE EDUC.,CIENC.E TEC.DE SAO PAULO";"Instituto Federal de Educação, Ciência e Tecnologia de São Paulo";"Ministério da Educação";"2.979,00";"3 - Outras Despesas Correntes";"36 - Outros Serviços de Terceiros - Pessoa Física";"90 - Aplicações Diretas";"0000 - FUNCIONAMENTO DE INSTITUICOES FEDERAIS DE EDUCACAO PROFISSIONAL E TECNOLOGICA";"0000";"12 - Educação";"363 - Ensino profissional";"20RL0035 - FUNCIONAMENTO DAS INSTITUICOES DA RED - NO ESTADO DE SAO PAU";"2031 - EDUCACAO PROFISSIONAL E TECNOLOGICA";"20RL - FUNCIONAMENTO DAS INSTITUICOES DA REDE FEDERAL DE EDUCACAO PROFISSIONAL, CIENTIFICA E TECNOLOGICA";
"08/05/2015";"158716264392015NE000005";"0035 - FUNCIONAMENTO DAS INSTITUICOES DA RED - NO ESTADO DE SAO PAU";"Empenho";"ORIGINAL";"158716 - IFSP - CAMPUS JACAREI";"SP";"IFSP - CAMPUS JACAREI";"INST.FED.DE EDUC.,CIENC.E TEC.DE SAO PAULO";"Instituto Federal de Educação, Ciência e Tecnologia de São Paulo";"Ministério da Educação";"4.414,00";"3 - Outras Despesas Correntes";"36 - Outros Serviços de Terceiros - Pessoa Física";"90 - Aplicações Diretas";"0000 - FUNCIONAMENTO DE INSTITUICOES FEDERAIS DE EDUCACAO PROFISSIONAL E TECNOLOGICA";"0000";"12 - Educação";"363 - Ensino profissional";"20RL0035 - FUNCIONAMENTO DAS INSTITUICOES DA RED - NO ESTADO DE SAO PAU";"2031 - EDUCACAO PROFISSIONAL E TECNOLOGICA";"20RL - FUNCIONAMENTO DAS INSTITUICOES DA REDE FEDERAL DE EDUCACAO PROFISSIONAL, CIENTIFICA E TECNOLOGICA";
"08/05/2015";"158716264392015NE000006";"0035 - FUNCIONAMENTO DAS INSTITUICOES DA RED - NO ESTADO DE SAO PAU";"Empenho";"ORIGINAL";"158716 - IFSP - CAMPUS JACAREI";"SP";"IFSP - CAMPUS JACAREI";"INST.FED.DE EDUC.,CIENC.E TEC.DE SAO PAULO";"Instituto Federal de Educação, Ciência e Tecnologia de São Paulo";"Ministério da Educação";"6.400,00";"3 - Outras Despesas Correntes";"36 - Outros Serviços de Terceiros - Pessoa Física";"90 - Aplicações Diretas";"0000 - FUNCIONAMENTO DE INSTITUICOES FEDERAIS DE EDUCACAO PROFISSIONAL E TECNOLOGICA";"0000";"12 - Educação";"363 - Ensino profissional";"20RL0035 - FUNCIONAMENTO DAS INSTITUICOES DA RED - NO ESTADO DE SAO PAU";"2031 - EDUCACAO PROFISSIONAL E TECNOLOGICA";"20RL - FUNCIONAMENTO DAS INSTITUICOES DA REDE FEDERAL DE EDUCACAO PROFISSIONAL, CIENTIFICA E TECNOLOGICA";
"11/05/2015";"158716264392015NE000007";"0035 - FUNCIONAMENTO DAS INSTITUICOES DA RED - NO ESTADO DE SAO PAU";"Empenho";"ORIGINAL";"158716 - IFSP - CAMPUS JACAREI";"SP";"IFSP - CAMPUS JACAREI";"INST.FED.DE EDUC.,CIENC.E TEC.DE SAO PAULO";"Instituto Federal de Educação, Ciência e Tecnologia de São Paulo";"Ministério da Educação";"2.000,00";"3 - Outras Despesas Correntes";"20 - Auxílio Financeiro a Pesquisadores";"90 - Aplicações Diretas";"0000 - FUNCIONAMENTO DE INSTITUICOES FEDERAIS DE EDUCACAO PROFISSIONAL E TECNOLOGICA";"0000";"12 - Educação";"363 - Ensino profissional";"20RL0035 - FUNCIONAMENTO DAS INSTITUICOES DA RED - NO ESTADO DE SAO PAU";"2031 - EDUCACAO PROFISSIONAL E TECNOLOGICA";"20RL - FUNCIONAMENTO DAS INSTITUICOES DA REDE FEDERAL DE EDUCACAO PROFISSIONAL, CIENTIFICA E TECNOLOGICA";
"11/05/2015";"158716264392015NE000008";"0035 - ASSISTENCIA AOS ESTUDANTES DA REDE FE - NO ESTADO DE SAO PAU";"Empenho";"ORIGINAL";"158716 - IFSP - CAMPUS JACAREI";"SP";"IFSP - CAMPUS JACAREI";"INST.FED.DE EDUC.,CIENC.E TEC.DE SAO PAULO";"Instituto Federal de Educação, Ciência e Tecnologia de São Paulo";"Ministério da Educação";"30,24";"3 - Outras Despesas Correntes";"18 - Auxílio Financeiro a Estudantes";"90 - Aplicações Diretas";"0000 - ASSISTENCIA AO ESTUDANTE DA EDUCACAO PROFISSIONAL E TECNOLOGICA";"0000";"12 - Educação";"363 - Ensino profissional";"29940035 - ASSISTENCIA AOS ESTUDANTES DA REDE FE - NO ESTADO DE SAO PAU";"2031 - EDUCACAO PROFISSIONAL E TECNOLOGICA";"2994 - ASSISTENCIA AOS ESTUDANTES DA REDE FEDERAL DE EDUCACAO PROFISSIONAL, CIENTIFICA E TECNOLOGICA";
"14/05/2015";"158716264392015NE800001";"0035 - FUNCIONAMENTO DAS INSTITUICOES DA RED - NO ESTADO DE SAO PAU";"Empenho";"ORIGINAL";"11.693.175/0001-48 - SOUZA PRADO EMPREENDIMENTOS E PROJETOS LTDA";"SP";"IFSP - CAMPUS JACAREI";"INST.FED.DE EDUC.,CIENC.E TEC.DE SAO PAULO";"Instituto Federal de Educação, Ciência e Tecnologia de São Paulo";"Ministério da Educação";"2.480,83";"3 - Outras Despesas Correntes";"37 - Locação de Mão-de-Obra";"90 - Aplicações Diretas";"0000 - FUNCIONAMENTO DE INSTITUICOES FEDERAIS DE EDUCACAO PROFISSIONAL E TECNOLOGICA";"0000";"12 - Educação";"363 - Ensino profissional";"20RL0035 - FUNCIONAMENTO DAS INSTITUICOES DA RED - NO ESTADO DE SAO PAU";"2031 - EDUCACAO PROFISSIONAL E TECNOLOGICA";"20RL - FUNCIONAMENTO DAS INSTITUICOES DA REDE FEDERAL DE EDUCACAO PROFISSIONAL, CIENTIFICA E TECNOLOGICA";
"15/05/2015";"158716264392015NE800002";"0035 - FUNCIONAMENTO DAS INSTITUICOES DA RED - NO ESTADO DE SAO PAU";"Empenho";"ANULAÇÃO";"11.693.175/0001-48 - SOUZA PRADO EMPREENDIMENTOS E PROJETOS LTDA";"SP";"IFSP - CAMPUS JACAREI";"INST.FED.DE EDUC.,CIENC.E TEC.DE SAO PAULO";"Instituto Federal de Educação, Ciência e Tecnologia de São Paulo";"Ministério da Educação";"2.480,83";"3 - Outras Despesas Correntes";"37 - Locação de Mão-de-Obra";"90 - Aplicações Diretas";"0000 - FUNCIONAMENTO DE INSTITUICOES FEDERAIS DE EDUCACAO PROFISSIONAL E TECNOLOGICA";"0000";"12 - Educação";"363 - Ensino profissional";"20RL0035 - FUNCIONAMENTO DAS INSTITUICOES DA RED - NO ESTADO DE SAO PAU";"2031 - EDUCACAO PROFISSIONAL E TECNOLOGICA";"20RL - FUNCIONAMENTO DAS INSTITUICOES DA REDE FEDERAL DE EDUCACAO PROFISSIONAL, CIENTIFICA E TECNOLOGICA";
"15/05/2015";"158716264392015NE800003";"0035 - FUNCIONAMENTO DAS INSTITUICOES DA RED - NO ESTADO DE SAO PAU";"Empenho";"ORIGINAL";"11.693.175/0001-48 - SOUZA PRADO EMPREENDIMENTOS E PROJETOS LTDA";"SP";"IFSP - CAMPUS JACAREI";"INST.FED.DE EDUC.,CIENC.E TEC.DE SAO PAULO";"Instituto Federal de Educação, Ciência e Tecnologia de São Paulo";"Ministério da Educação";"2.480,83";"3 - Outras Despesas Correntes";"37 - Locação de Mão-de-Obra";"90 - Aplicações Diretas";"0000 - FUNCIONAMENTO DE INSTITUICOES FEDERAIS DE EDUCACAO PROFISSIONAL E TECNOLOGICA";"0000";"12 - Educação";"363 - Ensino profissional";"20RL0035 - FUNCIONAMENTO DAS INSTITUICOES DA RED - NO ESTADO DE SAO PAU";"2031 - EDUCACAO PROFISSIONAL E TECNOLOGICA";"20RL - FUNCIONAMENTO DAS INSTITUICOES DA REDE FEDERAL DE EDUCACAO PROFISSIONAL, CIENTIFICA E TECNOLOGICA";
"19/05/2015";"158716264392015NE000009";"0035 - FUNCIONAMENTO DAS INSTITUICOES DA RED - NO ESTADO DE SAO PAU";"Empenho";"REFORÇO";"158716 - IFSP - CAMPUS JACAREI";"SP";"IFSP - CAMPUS JACAREI";"INST.FED.DE EDUC.,CIENC.E TEC.DE SAO PAULO";"Instituto Federal de Educação, Ciência e Tecnologia de São Paulo";"Ministério da Educação";"3.600,00";"3 - Outras Despesas Correntes";"36 - Outros Serviços de Terceiros - Pessoa Física";"90 - Aplicações Diretas";"0000 - FUNCIONAMENTO DE INSTITUICOES FEDERAIS DE EDUCACAO PROFISSIONAL E TECNOLOGICA";"0000";"12 - Educação";"363 - Ensino profissional";"20RL0035 - FUNCIONAMENTO DAS INSTITUICOES DA RED - NO ESTADO DE SAO PAU";"2031 - EDUCACAO PROFISSIONAL E TECNOLOGICA";"20RL - FUNCIONAMENTO DAS INSTITUICOES DA REDE FEDERAL DE EDUCACAO PROFISSIONAL, CIENTIFICA E TECNOLOGICA";
"19/05/2015";"158716264392015NE000010";"0035 - ASSISTENCIA AOS ESTUDANTES DA REDE FE - NO ESTADO DE SAO PAU";"Empenho";"REFORÇO";"158716 - IFSP - CAMPUS JACAREI";"SP";"IFSP - CAMPUS JACAREI";"INST.FED.DE EDUC.,CIENC.E TEC.DE SAO PAULO";"Instituto Federal de Educação, Ciência e Tecnologia de São Paulo";"Ministério da Educação";"8.260,08";"3 - Outras Despesas Correntes";"18 - Auxílio Financeiro a Estudantes";"90 - Aplicações Diretas";"0000 - ASSISTENCIA AO ESTUDANTE DA EDUCACAO PROFISSIONAL E TECNOLOGICA";"0000";"12 - Educação";"363 - Ensino profissional";"29940035 - ASSISTENCIA AOS ESTUDANTES DA REDE FE - NO ESTADO DE SAO PAU";"2031 - EDUCACAO PROFISSIONAL E TECNOLOGICA";"2994 - ASSISTENCIA AOS ESTUDANTES DA REDE FEDERAL DE EDUCACAO PROFISSIONAL, CIENTIFICA E TECNOLOGICA";
"21/05/2015";"158716264392015NE000011";"0035 - FUNCIONAMENTO DAS INSTITUICOES DA RED - NO ESTADO DE SAO PAU";"Empenho";"REFORÇO";"158716 - IFSP - CAMPUS JACAREI";"SP";"IFSP - CAMPUS JACAREI";"INST.FED.DE EDUC.,CIENC.E TEC.DE SAO PAULO";"Instituto Federal de Educação, Ciência e Tecnologia de São Paulo";"Ministério da Educação";"235,00";"3 - Outras Despesas Correntes";"36 - Outros Serviços de Terceiros - Pessoa Física";"90 - Aplicações Diretas";"0000 - FUNCIONAMENTO DE INSTITUICOES FEDERAIS DE EDUCACAO PROFISSIONAL E TECNOLOGICA";"0000";"12 - Educação";"363 - Ensino profissional";"20RL0035 - FUNCIONAMENTO DAS INSTITUICOES DA RED - NO ESTADO DE SAO PAU";"2031 - EDUCACAO PROFISSIONAL E TECNOLOGICA";"20RL - FUNCIONAMENTO DAS INSTITUICOES DA REDE FEDERAL DE EDUCACAO PROFISSIONAL, CIENTIFICA E TECNOLOGICA";
"21/05/2015";"158716264392015NE000012";"0035 - FUNCIONAMENTO DAS INSTITUICOES DA RED - NO ESTADO DE SAO PAU";"Empenho";"REFORÇO";"158716 - IFSP - CAMPUS JACAREI";"SP";"IFSP - CAMPUS JACAREI";"INST.FED.DE EDUC.,CIENC.E TEC.DE SAO PAULO";"Instituto Federal de Educação, Ciência e Tecnologia de São Paulo";"Ministério da Educação";"903,50";"3 - Outras Despesas Correntes";"36 - Outros Serviços de Terceiros - Pessoa Física";"90 - Aplicações Diretas";"0000 - FUNCIONAMENTO DE INSTITUICOES FEDERAIS DE EDUCACAO PROFISSIONAL E TECNOLOGICA";"0000";"12 - Educação";"363 - Ensino profissional";"20RL0035 - FUNCIONAMENTO DAS INSTITUICOES DA RED - NO ESTADO DE SAO PAU";"2031 - EDUCACAO PROFISSIONAL E TECNOLOGICA";"20RL - FUNCIONAMENTO DAS INSTITUICOES DA REDE FEDERAL DE EDUCACAO PROFISSIONAL, CIENTIFICA E TECNOLOGICA";
"26/05/2015";"158716264392015NE000013";"0035 - FUNCIONAMENTO DAS INSTITUICOES DA RED - NO ESTADO DE SAO PAU";"Empenho";"ORIGINAL";"158716 - IFSP - CAMPUS JACAREI";"SP";"IFSP - CAMPUS JACAREI";"INST.FED.DE EDUC.,CIENC.E TEC.DE SAO PAULO";"Instituto Federal de Educação, Ciência e Tecnologia de São Paulo";"Ministério da Educação";"1.653,75";"3 - Outras Despesas Correntes";"14 - Diárias - Civil";"90 - Aplicações Diretas";"0000 - FUNCIONAMENTO DE INSTITUICOES FEDERAIS DE EDUCACAO PROFISSIONAL E TECNOLOGICA";"0000";"12 - Educação";"363 - Ensino profissional";"20RL0035 - FUNCIONAMENTO DAS INSTITUICOES DA RED - NO ESTADO DE SAO PAU";"2031 - EDUCACAO PROFISSIONAL E TECNOLOGICA";"20RL - FUNCIONAMENTO DAS INSTITUICOES DA REDE FEDERAL DE EDUCACAO PROFISSIONAL, CIENTIFICA E TECNOLOGICA";
"27/05/2015";"158716264392015NE000014";"0035 - CAPACITACAO DE SERVIDORES PUBLICOS FE - NO ESTADO DE SAO PAU";"Empenho";"ORIGINAL";"158716 - IFSP - CAMPUS JACAREI";"SP";"IFSP - CAMPUS JACAREI";"INST.FED.DE EDUC.,CIENC.E TEC.DE SAO PAULO";"Instituto Federal de Educação, Ciência e Tecnologia de São Paulo";"Ministério da Educação";"6.000,00";"3 - Outras Despesas Correntes";"14 - Diárias - Civil";"90 - Aplicações Diretas";"0000 - CAPACITACAO DE SERVIDORES PUBLICOS FEDERAIS EM PROCESSO DE QUALIFICACAO E REQUALIFICACAO";"0000";"12 - Educação";"128 - Formação de recursos humanos";"45720035 - CAPACITACAO DE SERVIDORES PUBLICOS FE - NO ESTADO DE SAO PAU";"2109 - PROGRAMA DE GESTAO E MANUTENCAO DO MINISTERIO DA EDUCACAO";"4572 - CAPACITACAO DE SERVIDORES PUBLICOS FEDERAIS EM PROCESSO DE QUALIFICACAO E REQUALIFICACAO";
"10/06/2015";"158716264392015NE800004";"0035 - FUNCIONAMENTO DAS INSTITUICOES DA RED - NO ESTADO DE SAO PAU";"Empenho";"ORIGINAL";"07.147.016/0001-70 - TJ TERCEIRIZACAO DE MAO DE OBRA LTDA";"SP";"IFSP - CAMPUS JACAREI";"INST.FED.DE EDUC.,CIENC.E TEC.DE SAO PAULO";"Instituto Federal de Educação, Ciência e Tecnologia de São Paulo";"Ministério da Educação";"36.629,11";"3 - Outras Despesas Correntes";"37 - Locação de Mão-de-Obra";"90 - Aplicações Diretas";"0000 - FUNCIONAMENTO DE INSTITUICOES FEDERAIS DE EDUCACAO PROFISSIONAL E TECNOLOGICA";"0000";"12 - Educação";"363 - Ensino profissional";"20RL0035 - FUNCIONAMENTO DAS INSTITUICOES DA RED - NO ESTADO DE SAO PAU";"2031 - EDUCACAO PROFISSIONAL E TECNOLOGICA";"20RL - FUNCIONAMENTO DAS INSTITUICOES DA REDE FEDERAL DE EDUCACAO PROFISSIONAL, CIENTIFICA E TECNOLOGICA";
"11/06/2015";"158716264392015NE000015";"0035 - ASSISTENCIA AOS ESTUDANTES DA REDE FE - NO ESTADO DE SAO PAU";"Empenho";"REFORÇO";"158716 - IFSP - CAMPUS JACAREI";"SP";"IFSP - CAMPUS JACAREI";"INST.FED.DE EDUC.,CIENC.E TEC.DE SAO PAULO";"Instituto Federal de Educação, Ciência e Tecnologia de São Paulo";"Ministério da Educação";"61.094,38";"3 - Outras Despesas Correntes";"18 - Auxílio Financeiro a Estudantes";"90 - Aplicações Diretas";"0000 - ASSISTENCIA AO ESTUDANTE DA EDUCACAO PROFISSIONAL E TECNOLOGICA";"0000";"12 - Educação";"363 - Ensino profissional";"29940035 - ASSISTENCIA AOS ESTUDANTES DA REDE FE - NO ESTADO DE SAO PAU";"2031 - EDUCACAO PROFISSIONAL E TECNOLOGICA";"2994 - ASSISTENCIA AOS ESTUDANTES DA REDE FEDERAL DE EDUCACAO PROFISSIONAL, CIENTIFICA E TECNOLOGICA";
"11/06/2015";"158716264392015NE000016";"0035 - FUNCIONAMENTO DAS INSTITUICOES DA RED - NO ESTADO DE SAO PAU";"Empenho";"REFORÇO";"158716 - IFSP - CAMPUS JACAREI";"SP";"IFSP - CAMPUS JACAREI";"INST.FED.DE EDUC.,CIENC.E TEC.DE SAO PAULO";"Instituto Federal de Educação, Ciência e Tecnologia de São Paulo";"Ministério da Educação";"7.228,00";"3 - Outras Despesas Correntes";"36 - Outros Serviços de Terceiros - Pessoa Física";"90 - Aplicações Diretas";"0000 - FUNCIONAMENTO DE INSTITUICOES FEDERAIS DE EDUCACAO PROFISSIONAL E TECNOLOGICA";"0000";"12 - Educação";"363 - Ensino profissional";"20RL0035 - FUNCIONAMENTO DAS INSTITUICOES DA RED - NO ESTADO DE SAO PAU";"2031 - EDUCACAO PROFISSIONAL E TECNOLOGICA";"20RL - FUNCIONAMENTO DAS INSTITUICOES DA REDE FEDERAL DE EDUCACAO PROFISSIONAL, CIENTIFICA E TECNOLOGICA";
"12/06/2015";"158716264392015NE000017";"0035 - FUNCIONAMENTO DAS INSTITUICOES DA RED - NO ESTADO DE SAO PAU";"Empenho";"REFORÇO";"158716 - IFSP - CAMPUS JACAREI";"SP";"IFSP - CAMPUS JACAREI";"INST.FED.DE EDUC.,CIENC.E TEC.DE SAO PAULO";"Instituto Federal de Educação, Ciência e Tecnologia de São Paulo";"Ministério da Educação";"8.854,30";"3 - Outras Despesas Correntes";"36 - Outros Serviços de Terceiros - Pessoa Física";"90 - Aplicações Diretas";"0000 - FUNCIONAMENTO DE INSTITUICOES FEDERAIS DE EDUCACAO PROFISSIONAL E TECNOLOGICA";"0000";"12 - Educação";"363 - Ensino profissional";"20RL0035 - FUNCIONAMENTO DAS INSTITUICOES DA RED - NO ESTADO DE SAO PAU";"2031 - EDUCACAO PROFISSIONAL E TECNOLOGICA";"20RL - FUNCIONAMENTO DAS INSTITUICOES DA REDE FEDERAL DE EDUCACAO PROFISSIONAL, CIENTIFICA E TECNOLOGICA";
"12/06/2015";"158716264392015NE000018";"0035 - FUNCIONAMENTO DAS INSTITUICOES DA RED - NO ESTADO DE SAO PAU";"Empenho";"REFORÇO";"158716 - IFSP - CAMPUS JACAREI";"SP";"IFSP - CAMPUS JACAREI";"INST.FED.DE EDUC.,CIENC.E TEC.DE SAO PAULO";"Instituto Federal de Educação, Ciência e Tecnologia de São Paulo";"Ministério da Educação";"16.828,00";"3 - Outras Despesas Correntes";"36 - Outros Serviços de Terceiros - Pessoa Física";"90 - Aplicações Diretas";"0000 - FUNCIONAMENTO DE INSTITUICOES FEDERAIS DE EDUCACAO PROFISSIONAL E TECNOLOGICA";"0000";"12 - Educação";"363 - Ensino profissional";"20RL0035 - FUNCIONAMENTO DAS INSTITUICOES DA RED - NO ESTADO DE SAO PAU";"2031 - EDUCACAO PROFISSIONAL E TECNOLOGICA";"20RL - FUNCIONAMENTO DAS INSTITUICOES DA REDE FEDERAL DE EDUCACAO PROFISSIONAL, CIENTIFICA E TECNOLOGICA";
"19/06/2015";"158716264392015NE800005";"0035 - FUNCIONAMENTO DAS INSTITUICOES DA RED - NO ESTADO DE SAO PAU";"Empenho";"REFORÇO";"11.693.175/0001-48 - SOUZA PRADO EMPREENDIMENTOS E PROJETOS LTDA";"SP";"IFSP - CAMPUS JACAREI";"INST.FED.DE EDUC.,CIENC.E TEC.DE SAO PAULO";"Instituto Federal de Educação, Ciência e Tecnologia de São Paulo";"Ministério da Educação";"40.075,00";"3 - Outras Despesas Correntes";"37 - Locação de Mão-de-Obra";"90 - Aplicações Diretas";"0000 - FUNCIONAMENTO DE INSTITUICOES FEDERAIS DE EDUCACAO PROFISSIONAL E TECNOLOGICA";"0000";"12 - Educação";"363 - Ensino profissional";"20RL0035 - FUNCIONAMENTO DAS INSTITUICOES DA RED - NO ESTADO DE SAO PAU";"2031 - EDUCACAO PROFISSIONAL E TECNOLOGICA";"20RL - FUNCIONAMENTO DAS INSTITUICOES DA REDE FEDERAL DE EDUCACAO PROFISSIONAL, CIENTIFICA E TECNOLOGICA";
"19/06/2015";"158716264392015NE800006";"0035 - FUNCIONAMENTO DAS INSTITUICOES DA RED - NO ESTADO DE SAO PAU";"Empenho";"REFORÇO";"07.147.016/0001-70 - TJ TERCEIRIZACAO DE MAO DE OBRA LTDA";"SP";"IFSP - CAMPUS JACAREI";"INST.FED.DE EDUC.,CIENC.E TEC.DE SAO PAULO";"Instituto Federal de Educação, Ciência e Tecnologia de São Paulo";"Ministério da Educação";"256.403,77";"3 - Outras Despesas Correntes";"37 - Locação de Mão-de-Obra";"90 - Aplicações Diretas";"0000 - FUNCIONAMENTO DE INSTITUICOES FEDERAIS DE EDUCACAO PROFISSIONAL E TECNOLOGICA";"0000";"12 - Educação";"363 - Ensino profissional";"20RL0035 - FUNCIONAMENTO DAS INSTITUICOES DA RED - NO ESTADO DE SAO PAU";"2031 - EDUCACAO PROFISSIONAL E TECNOLOGICA";"20RL - FUNCIONAMENTO DAS INSTITUICOES DA REDE FEDERAL DE EDUCACAO PROFISSIONAL, CIENTIFICA E TECNOLOGICA";
"22/06/2015";"158716264392015NE800007";"0035 - FUNCIONAMENTO DAS INSTITUICOES DA RED - NO ESTADO DE SAO PAU";"Empenho";"ORIGINAL";"158716 - IFSP - CAMPUS JACAREI";"SP";"IFSP - CAMPUS JACAREI";"INST.FED.DE EDUC.,CIENC.E TEC.DE SAO PAULO";"Instituto Federal de Educação, Ciência e Tecnologia de São Paulo";"Ministério da Educação";"28.040,00";"3 - Outras Despesas Correntes";"39 - Outros Serviços de Terceiros - Pessoa Jurídica";"90 - Aplicações Diretas";"0000 - FUNCIONAMENTO DE INSTITUICOES FEDERAIS DE EDUCACAO PROFISSIONAL E TECNOLOGICA";"0000";"12 - Educação";"363 - Ensino profissional";"20RL0035 - FUNCIONAMENTO DAS INSTITUICOES DA RED - NO ESTADO DE SAO PAU";"2031 - EDUCACAO PROFISSIONAL E TECNOLOGICA";"20RL - FUNCIONAMENTO DAS INSTITUICOES DA REDE FEDERAL DE EDUCACAO PROFISSIONAL, CIENTIFICA E TECNOLOGICA";
"24/06/2015";"158716264392015NE800008";"0035 - FUNCIONAMENTO DAS INSTITUICOES DA RED - NO ESTADO DE SAO PAU";"Empenho";"ANULAÇÃO";"158716 - IFSP - CAMPUS JACAREI";"SP";"IFSP - CAMPUS JACAREI";"INST.FED.DE EDUC.,CIENC.E TEC.DE SAO PAULO";"Instituto Federal de Educação, Ciência e Tecnologia de São Paulo";"Ministério da Educação";"28.040,00";"3 - Outras Despesas Correntes";"39 - Outros Serviços de Terceiros - Pessoa Jurídica";"90 - Aplicações Diretas";"0000 - FUNCIONAMENTO DE INSTITUICOES FEDERAIS DE EDUCACAO PROFISSIONAL E TECNOLOGICA";"0000";"12 - Educação";"363 - Ensino profissional";"20RL0035 - FUNCIONAMENTO DAS INSTITUICOES DA RED - NO ESTADO DE SAO PAU";"2031 - EDUCACAO PROFISSIONAL E TECNOLOGICA";"20RL - FUNCIONAMENTO DAS INSTITUICOES DA REDE FEDERAL DE EDUCACAO PROFISSIONAL, CIENTIFICA E TECNOLOGICA";
"24/06/2015";"158716264392015NE800009";"0035 - FUNCIONAMENTO DAS INSTITUICOES DA RED - NO ESTADO DE SAO PAU";"Empenho";"ORIGINAL";"48.962.625/0001-60 - SAAE SERVICO AUTONOMO DE AGUA E ESGOTO DE JACAREI";"SP";"IFSP - CAMPUS JACAREI";"INST.FED.DE EDUC.,CIENC.E TEC.DE SAO PAULO";"Instituto Federal de Educação, Ciência e Tecnologia de São Paulo";"Ministério da Educação";"28.040,00";"3 - Outras Despesas Correntes";"39 - Outros Serviços de Terceiros - Pessoa Jurídica";"90 - Aplicações Diretas";"0000 - FUNCIONAMENTO DE INSTITUICOES FEDERAIS DE EDUCACAO PROFISSIONAL E TECNOLOGICA";"0000";"12 - Educação";"363 - Ensino profissional";"20RL0035 - FUNCIONAMENTO DAS INSTITUICOES DA RED - NO ESTADO DE SAO PAU";"2031 - EDUCACAO PROFISSIONAL E TECNOLOGICA";"20RL - FUNCIONAMENTO DAS INSTITUICOES DA REDE FEDERAL DE EDUCACAO PROFISSIONAL, CIENTIFICA E TECNOLOGICA";
"26/06/2015";"158716264392015NE000019";"0035 - FUNCIONAMENTO DAS INSTITUICOES DA RED - NO ESTADO DE SAO PAU";"Empenho";"REFORÇO";"158716 - IFSP - CAMPUS JACAREI";"SP";"IFSP - CAMPUS JACAREI";"INST.FED.DE EDUC.,CIENC.E TEC.DE SAO PAULO";"Instituto Federal de Educação, Ciência e Tecnologia de São Paulo";"Ministério da Educação";"2.000,00";"3 - Outras Despesas Correntes";"14 - Diárias - Civil";"90 - Aplicações Diretas";"0000 - FUNCIONAMENTO DE INSTITUICOES FEDERAIS DE EDUCACAO PROFISSIONAL E TECNOLOGICA";"0000";"12 - Educação";"363 - Ensino profissional";"20RL0035 - FUNCIONAMENTO DAS INSTITUICOES DA RED - NO ESTADO DE SAO PAU";"2031 - EDUCACAO PROFISSIONAL E TECNOLOGICA";"20RL - FUNCIONAMENTO DAS INSTITUICOES DA REDE FEDERAL DE EDUCACAO PROFISSIONAL, CIENTIFICA E TECNOLOGICA";
"23/07/2015";"158716264392015NE800010";"0035 - FUNCIONAMENTO DAS INSTITUICOES DA RED - NO ESTADO DE SAO PAU";"Empenho";"ORIGINAL";"10.928.126/0001-84 - REAK SEGURANCA E VIGILANCIA PATRIMONIAL LTDA";"SP";"IFSP - CAMPUS JACAREI";"INST.FED.DE EDUC.,CIENC.E TEC.DE SAO PAULO";"Instituto Federal de Educação, Ciência e Tecnologia de São Paulo";"Ministério da Educação";"277.651,22";"3 - Outras Despesas Correntes";"37 - Locação de Mão-de-Obra";"90 - Aplicações Diretas";"0000 - FUNCIONAMENTO DE INSTITUICOES FEDERAIS DE EDUCACAO PROFISSIONAL E TECNOLOGICA";"0000";"12 - Educação";"363 - Ensino profissional";"20RL0035 - FUNCIONAMENTO DAS INSTITUICOES DA RED - NO ESTADO DE SAO PAU";"2031 - EDUCACAO PROFISSIONAL E TECNOLOGICA";"20RL - FUNCIONAMENTO DAS INSTITUICOES DA REDE FEDERAL DE EDUCACAO PROFISSIONAL, CIENTIFICA E TECNOLOGICA";
"24/07/2015";"158716264392015NE800011";"0035 - FUNCIONAMENTO DAS INSTITUICOES DA RED - NO ESTADO DE SAO PAU";"Empenho";"ORIGINAL";"40.432.544/0001-47 - CLARO S.A.";"SP";"IFSP - CAMPUS JACAREI";"INST.FED.DE EDUC.,CIENC.E TEC.DE SAO PAULO";"Instituto Federal de Educação, Ciência e Tecnologia de São Paulo";"Ministério da Educação";"7.688,12";"3 - Outras Despesas Correntes";"39 - Outros Serviços de Terceiros - Pessoa Jurídica";"90 - Aplicações Diretas";"0000 - FUNCIONAMENTO DE INSTITUICOES FEDERAIS DE EDUCACAO PROFISSIONAL E TECNOLOGICA";"0000";"12 - Educação";"363 - Ensino profissional";"20RL0035 - FUNCIONAMENTO DAS INSTITUICOES DA RED - NO ESTADO DE SAO PAU";"2031 - EDUCACAO PROFISSIONAL E TECNOLOGICA";"20RL - FUNCIONAMENTO DAS INSTITUICOES DA REDE FEDERAL DE EDUCACAO PROFISSIONAL, CIENTIFICA E TECNOLOGICA";
"24/07/2015";"158716264392015NE800012";"0035 - FUNCIONAMENTO DAS INSTITUICOES DA RED - NO ESTADO DE SAO PAU";"Empenho";"ORIGINAL";"10.878.804/0001-41 - EXCELENCIA COMERCIO E SERVICOS LTDA";"DF";"IFSP - CAMPUS JACAREI";"INST.FED.DE EDUC.,CIENC.E TEC.DE SAO PAULO";"Instituto Federal de Educação, Ciência e Tecnologia de São Paulo";"Ministério da Educação";"1.152,40";"3 - Outras Despesas Correntes";"30 - Material de Consumo";"90 - Aplicações Diretas";"0000 - FUNCIONAMENTO DE INSTITUICOES FEDERAIS DE EDUCACAO PROFISSIONAL E TECNOLOGICA";"0000";"12 - Educação";"363 - Ensino profissional";"20RL0035 - FUNCIONAMENTO DAS INSTITUICOES DA RED - NO ESTADO DE SAO PAU";"2031 - EDUCACAO PROFISSIONAL E TECNOLOGICA";"20RL - FUNCIONAMENTO DAS INSTITUICOES DA REDE FEDERAL DE EDUCACAO PROFISSIONAL, CIENTIFICA E TECNOLOGICA";
"27/07/2015";"158716264392015NE800013";"0035 - FUNCIONAMENTO DAS INSTITUICOES DA RED - NO ESTADO DE SAO PAU";"Empenho";"ORIGINAL";"06.910.908/0001-19 - J BRILHANTE COMERCIAL LTDA";"SP";"IFSP - CAMPUS JACAREI";"INST.FED.DE EDUC.,CIENC.E TEC.DE SAO PAULO";"Instituto Federal de Educação, Ciência e Tecnologia de São Paulo";"Ministério da Educação";"513,00";"3 - Outras Despesas Correntes";"30 - Material de Consumo";"90 - Aplicações Diretas";"0000 - FUNCIONAMENTO DE INSTITUICOES FEDERAIS DE EDUCACAO PROFISSIONAL E TECNOLOGICA";"0000";"12 - Educação";"363 - Ensino profissional";"20RL0035 - FUNCIONAMENTO DAS INSTITUICOES DA RED - NO ESTADO DE SAO PAU";"2031 - EDUCACAO PROFISSIONAL E TECNOLOGICA";"20RL - FUNCIONAMENTO DAS INSTITUICOES DA REDE FEDERAL DE EDUCACAO PROFISSIONAL, CIENTIFICA E TECNOLOGICA";
"27/07/2015";"158716264392015NE800014";"0035 - FUNCIONAMENTO DAS INSTITUICOES DA RED - NO ESTADO DE SAO PAU";"Empenho";"ORIGINAL";"04.420.130/0001-34 - BRAZIL UP COMPRA E VENDA, IMPORTACAO E EXPORTACAO LTDA";"DF";"IFSP - CAMPUS JACAREI";"INST.FED.DE EDUC.,CIENC.E TEC.DE SAO PAULO";"Instituto Federal de Educação, Ciência e Tecnologia de São Paulo";"Ministério da Educação";"321,07";"3 - Outras Despesas Correntes";"30 - Material de Consumo";"90 - Aplicações Diretas";"0000 - FUNCIONAMENTO DE INSTITUICOES FEDERAIS DE EDUCACAO PROFISSIONAL E TECNOLOGICA";"0000";"12 - Educação";"363 - Ensino profissional";"20RL0035 - FUNCIONAMENTO DAS INSTITUICOES DA RED - NO ESTADO DE SAO PAU";"2031 - EDUCACAO PROFISSIONAL E TECNOLOGICA";"20RL - FUNCIONAMENTO DAS INSTITUICOES DA REDE FEDERAL DE EDUCACAO PROFISSIONAL, CIENTIFICA E TECNOLOGICA";
"27/07/2015";"158716264392015NE800015";"0035 - FUNCIONAMENTO DAS INSTITUICOES DA RED - NO ESTADO DE SAO PAU";"Empenho";"ORIGINAL";"09.204.326/0001-05 - CASA E BAR BRASIL ADMINISTRACAO LTDA";"CE";"IFSP - CAMPUS JACAREI";"INST.FED.DE EDUC.,CIENC.E TEC.DE SAO PAULO";"Instituto Federal de Educação, Ciência e Tecnologia de São Paulo";"Ministério da Educação";"443,30";"3 - Outras Despesas Correntes";"30 - Material de Consumo";"90 - Aplicações Diretas";"0000 - FUNCIONAMENTO DE INSTITUICOES FEDERAIS DE EDUCACAO PROFISSIONAL E TECNOLOGICA";"0000";"12 - Educação";"363 - Ensino profissional";"20RL0035 - FUNCIONAMENTO DAS INSTITUICOES DA RED - NO ESTADO DE SAO PAU";"2031 - EDUCACAO PROFISSIONAL E TECNOLOGICA";"20RL - FUNCIONAMENTO DAS INSTITUICOES DA REDE FEDERAL DE EDUCACAO PROFISSIONAL, CIENTIFICA E TECNOLOGICA";
"27/07/2015";"158716264392015NE800016";"0035 - FUNCIONAMENTO DAS INSTITUICOES DA RED - NO ESTADO DE SAO PAU";"Empenho";"ORIGINAL";"13.986.656/0001-77 - COMERCIAL MARELLY LTDA";"MG";"IFSP - CAMPUS JACAREI";"INST.FED.DE EDUC.,CIENC.E TEC.DE SAO PAULO";"Instituto Federal de Educação, Ciência e Tecnologia de São Paulo";"Ministério da Educação";"244,16";"3 - Outras Despesas Correntes";"30 - Material de Consumo";"90 - Aplicações Diretas";"0000 - FUNCIONAMENTO DE INSTITUICOES FEDERAIS DE EDUCACAO PROFISSIONAL E TECNOLOGICA";"0000";"12 - Educação";"363 - Ensino profissional";"20RL0035 - FUNCIONAMENTO DAS INSTITUICOES DA RED - NO ESTADO DE SAO PAU";"2031 - EDUCACAO PROFISSIONAL E TECNOLOGICA";"20RL - FUNCIONAMENTO DAS INSTITUICOES DA REDE FEDERAL DE EDUCACAO PROFISSIONAL, CIENTIFICA E TECNOLOGICA";
"27/07/2015";"158716264392015NE800017";"0035 - FUNCIONAMENTO DAS INSTITUICOES DA RED - NO ESTADO DE SAO PAU";"Empenho";"ORIGINAL";"03.390.894/0001-61 - CUTELARIA L.S. LTDA";"PR";"IFSP - CAMPUS JACAREI";"INST.FED.DE EDUC.,CIENC.E TEC.DE SAO PAULO";"Instituto Federal de Educação, Ciência e Tecnologia de São Paulo";"Ministério da Educação";"121,20";"3 - Outras Despesas Correntes";"30 - Material de Consumo";"90 - Aplicações Diretas";"0000 - FUNCIONAMENTO DE INSTITUICOES FEDERAIS DE EDUCACAO PROFISSIONAL E TECNOLOGICA";"0000";"12 - Educação";"363 - Ensino profissional";"20RL0035 - FUNCIONAMENTO DAS INSTITUICOES DA RED - NO ESTADO DE SAO PAU";"2031 - EDUCACAO PROFISSIONAL E TECNOLOGICA";"20RL - FUNCIONAMENTO DAS INSTITUICOES DA REDE FEDERAL DE EDUCACAO PROFISSIONAL, CIENTIFICA E TECNOLOGICA";
"27/07/2015";"158716264392015NE800018";"0035 - FUNCIONAMENTO DAS INSTITUICOES DA RED - NO ESTADO DE SAO PAU";"Empenho";"ORIGINAL";"10.878.804/0001-41 - EXCELENCIA COMERCIO E SERVICOS LTDA";"DF";"IFSP - CAMPUS JACAREI";"INST.FED.DE EDUC.,CIENC.E TEC.DE SAO PAULO";"Instituto Federal de Educação, Ciência e Tecnologia de São Paulo";"Ministério da Educação";"307,00";"3 - Outras Despesas Correntes";"30 - Material de Consumo";"90 - Aplicações Diretas";"0000 - FUNCIONAMENTO DE INSTITUICOES FEDERAIS DE EDUCACAO PROFISSIONAL E TECNOLOGICA";"0000";"12 - Educação";"363 - Ensino profissional";"20RL0035 - FUNCIONAMENTO DAS INSTITUICOES DA RED - NO ESTADO DE SAO PAU";"2031 - EDUCACAO PROFISSIONAL E TECNOLOGICA";"20RL - FUNCIONAMENTO DAS INSTITUICOES DA REDE FEDERAL DE EDUCACAO PROFISSIONAL, CIENTIFICA E TECNOLOGICA";
"27/07/2015";"158716264392015NE800019";"0035 - FUNCIONAMENTO DAS INSTITUICOES DA RED - NO ESTADO DE SAO PAU";"Empenho";"ORIGINAL";"10.717.280/0001-07 - ROSS COMERCIO DE MERCADORIAS POR ATACADO E SERVICOS LTDA";"SP";"IFSP - CAMPUS JACAREI";"INST.FED.DE EDUC.,CIENC.E TEC.DE SAO PAULO";"Instituto Federal de Educação, Ciência e Tecnologia de São Paulo";"Ministério da Educação";"177,30";"3 - Outras Despesas Correntes";"30 - Material de Consumo";"90 - Aplicações Diretas";"0000 - FUNCIONAMENTO DE INSTITUICOES FEDERAIS DE EDUCACAO PROFISSIONAL E TECNOLOGICA";"0000";"12 - Educação";"363 - Ensino profissional";"20RL0035 - FUNCIONAMENTO DAS INSTITUICOES DA RED - NO ESTADO DE SAO PAU";"2031 - EDUCACAO PROFISSIONAL E TECNOLOGICA";"20RL - FUNCIONAMENTO DAS INSTITUICOES DA REDE FEDERAL DE EDUCACAO PROFISSIONAL, CIENTIFICA E TECNOLOGICA";
"27/07/2015";"158716264392015NE800020";"0035 - FUNCIONAMENTO DAS INSTITUICOES DA RED - NO ESTADO DE SAO PAU";"Empenho";"ORIGINAL";"21.230.954/0001-60 - UTI-LAR COMERCIO LTDA";"ES";"IFSP - CAMPUS JACAREI";"INST.FED.DE EDUC.,CIENC.E TEC.DE SAO PAULO";"Instituto Federal de Educação, Ciência e Tecnologia de São Paulo";"Ministério da Educação";"995,96";"3 - Outras Despesas Correntes";"30 - Material de Consumo";"90 - Aplicações Diretas";"0000 - FUNCIONAMENTO DE INSTITUICOES FEDERAIS DE EDUCACAO PROFISSIONAL E TECNOLOGICA";"0000";"12 - Educação";"363 - Ensino profissional";"20RL0035 - FUNCIONAMENTO DAS INSTITUICOES DA RED - NO ESTADO DE SAO PAU";"2031 - EDUCACAO PROFISSIONAL E TECNOLOGICA";"20RL - FUNCIONAMENTO DAS INSTITUICOES DA REDE FEDERAL DE EDUCACAO PROFISSIONAL, CIENTIFICA E TECNOLOGICA";
"27/07/2015";"158716264392015NE800021";"0035 - FUNCIONAMENTO DAS INSTITUICOES DA RED - NO ESTADO DE SAO PAU";"Empenho";"ORIGINAL";"07.037.893/0001-99 - BELTGROUP DO BRASIL LTDA.";"SP";"IFSP - CAMPUS JACAREI";"INST.FED.DE EDUC.,CIENC.E TEC.DE SAO PAULO";"Instituto Federal de Educação, Ciência e Tecnologia de São Paulo";"Ministério da Educação";"187,00";"3 - Outras Despesas Correntes";"30 - Material de Consumo";"90 - Aplicações Diretas";"0000 - FUNCIONAMENTO DE INSTITUICOES FEDERAIS DE EDUCACAO PROFISSIONAL E TECNOLOGICA";"0000";"12 - Educação";"363 - Ensino profissional";"20RL0035 - FUNCIONAMENTO DAS INSTITUICOES DA RED - NO ESTADO DE SAO PAU";"2031 - EDUCACAO PROFISSIONAL E TECNOLOGICA";"20RL - FUNCIONAMENTO DAS INSTITUICOES DA REDE FEDERAL DE EDUCACAO PROFISSIONAL, CIENTIFICA E TECNOLOGICA";
"27/07/2015";"158716264392015NE800022";"0035 - FUNCIONAMENTO DAS INSTITUICOES DA RED - NO ESTADO DE SAO PAU";"Empenho";"ORIGINAL";"10.143.557/0001-35 - KALANA CONFECCOES LTDA";"PR";"IFSP - CAMPUS JACAREI";"INST.FED.DE EDUC.,CIENC.E TEC.DE SAO PAULO";"Instituto Federal de Educação, Ciência e Tecnologia de São Paulo";"Ministério da Educação";"2.141,00";"3 - Outras Despesas Correntes";"30 - Material de Consumo";"90 - Aplicações Diretas";"0000 - FUNCIONAMENTO DE INSTITUICOES FEDERAIS DE EDUCACAO PROFISSIONAL E TECNOLOGICA";"0000";"12 - Educação";"363 - Ensino profissional";"20RL0035 - FUNCIONAMENTO DAS INSTITUICOES DA RED - NO ESTADO DE SAO PAU";"2031 - EDUCACAO PROFISSIONAL E TECNOLOGICA";"20RL - FUNCIONAMENTO DAS INSTITUICOES DA REDE FEDERAL DE EDUCACAO PROFISSIONAL, CIENTIFICA E TECNOLOGICA";
"27/07/2015";"158716264392015NE800023";"0035 - FUNCIONAMENTO DAS INSTITUICOES DA RED - NO ESTADO DE SAO PAU";"Empenho";"ORIGINAL";"19.571.002/0001-69 - KRIMA ELETRICA BH LTDA";"MG";"IFSP - CAMPUS JACAREI";"INST.FED.DE EDUC.,CIENC.E TEC.DE SAO PAULO";"Instituto Federal de Educação, Ciência e Tecnologia de São Paulo";"Ministério da Educação";"104,00";"3 - Outras Despesas Correntes";"30 - Material de Consumo";"90 - Aplicações Diretas";"0000 - FUNCIONAMENTO DE INSTITUICOES FEDERAIS DE EDUCACAO PROFISSIONAL E TECNOLOGICA";"0000";"12 - Educação";"363 - Ensino profissional";"20RL0035 - FUNCIONAMENTO DAS INSTITUICOES DA RED - NO ESTADO DE SAO PAU";"2031 - EDUCACAO PROFISSIONAL E TECNOLOGICA";"20RL - FUNCIONAMENTO DAS INSTITUICOES DA REDE FEDERAL DE EDUCACAO PROFISSIONAL, CIENTIFICA E TECNOLOGICA";
"27/07/2015";"158716264392015NE800024";"0035 - FUNCIONAMENTO DAS INSTITUICOES DA RED - NO ESTADO DE SAO PAU";"Empenho";"ORIGINAL";"10.596.399/0001-79 - ATLANTIS COMERCIO DE MAQUINAS E EQUIPAMENTOS EIRELI";"SC";"IFSP - CAMPUS JACAREI";"INST.FED.DE EDUC.,CIENC.E TEC.DE SAO PAULO";"Instituto Federal de Educação, Ciência e Tecnologia de São Paulo";"Ministério da Educação";"119,98";"3 - Outras Despesas Correntes";"30 - Material de Consumo";"90 - Aplicações Diretas";"0000 - FUNCIONAMENTO DE INSTITUICOES FEDERAIS DE EDUCACAO PROFISSIONAL E TECNOLOGICA";"0000";"12 - Educação";"363 - Ensino profissional";"20RL0035 - FUNCIONAMENTO DAS INSTITUICOES DA RED - NO ESTADO DE SAO PAU";"2031 - EDUCACAO PROFISSIONAL E TECNOLOGICA";"20RL - FUNCIONAMENTO DAS INSTITUICOES DA REDE FEDERAL DE EDUCACAO PROFISSIONAL, CIENTIFICA E TECNOLOGICA";
"27/07/2015";"158716264392015NE800025";"0035 - FUNCIONAMENTO DAS INSTITUICOES DA RED - NO ESTADO DE SAO PAU";"Empenho";"ORIGINAL";"10.596.399/0001-79 - ATLANTIS COMERCIO DE MAQUINAS E EQUIPAMENTOS EIRELI";"SC";"IFSP - CAMPUS JACAREI";"INST.FED.DE EDUC.,CIENC.E TEC.DE SAO PAULO";"Instituto Federal de Educação, Ciência e Tecnologia de São Paulo";"Ministério da Educação";"449,30";"3 - Outras Despesas Correntes";"30 - Material de Consumo";"90 - Aplicações Diretas";"0000 - FUNCIONAMENTO DE INSTITUICOES FEDERAIS DE EDUCACAO PROFISSIONAL E TECNOLOGICA";"0000";"12 - Educação";"363 - Ensino profissional";"20RL0035 - FUNCIONAMENTO DAS INSTITUICOES DA RED - NO ESTADO DE SAO PAU";"2031 - EDUCACAO PROFISSIONAL E TECNOLOGICA";"20RL - FUNCIONAMENTO DAS INSTITUICOES DA REDE FEDERAL DE EDUCACAO PROFISSIONAL, CIENTIFICA E TECNOLOGICA";
"28/07/2015";"158716264392015NE000020";"0035 - FUNCIONAMENTO DAS INSTITUICOES DA RED - NO ESTADO DE SAO PAU";"Empenho";"REFORÇO";"158716 - IFSP - CAMPUS JACAREI";"SP";"IFSP - CAMPUS JACAREI";"INST.FED.DE EDUC.,CIENC.E TEC.DE SAO PAULO";"Instituto Federal de Educação, Ciência e Tecnologia de São Paulo";"Ministério da Educação";"12.561,45";"3 - Outras Despesas Correntes";"14 - Diárias - Civil";"90 - Aplicações Diretas";"0000 - FUNCIONAMENTO DE INSTITUICOES FEDERAIS DE EDUCACAO PROFISSIONAL E TECNOLOGICA";"0000";"12 - Educação";"363 - Ensino profissional";"20RL0035 - FUNCIONAMENTO DAS INSTITUICOES DA RED - NO ESTADO DE SAO PAU";"2031 - EDUCACAO PROFISSIONAL E TECNOLOGICA";"20RL - FUNCIONAMENTO DAS INSTITUICOES DA REDE FEDERAL DE EDUCACAO PROFISSIONAL, CIENTIFICA E TECNOLOGICA";
"28/07/2015";"158716264392015NE800026";"0035 - FUNCIONAMENTO DAS INSTITUICOES DA RED - NO ESTADO DE SAO PAU";"Empenho";"ORIGINAL";"19.356.908/0001-60 - ATHIKA COMERCIO DE MOVEIS LTDA";"SP";"IFSP - CAMPUS JACAREI";"INST.FED.DE EDUC.,CIENC.E TEC.DE SAO PAULO";"Instituto Federal de Educação, Ciência e Tecnologia de São Paulo";"Ministério da Educação";"133,00";"3 - Outras Despesas Correntes";"30 - Material de Consumo";"90 - Aplicações Diretas";"0000 - FUNCIONAMENTO DE INSTITUICOES FEDERAIS DE EDUCACAO PROFISSIONAL E TECNOLOGICA";"0000";"12 - Educação";"363 - Ensino profissional";"20RL0035 - FUNCIONAMENTO DAS INSTITUICOES DA RED - NO ESTADO DE SAO PAU";"2031 - EDUCACAO PROFISSIONAL E TECNOLOGICA";"20RL - FUNCIONAMENTO DAS INSTITUICOES DA REDE FEDERAL DE EDUCACAO PROFISSIONAL, CIENTIFICA E TECNOLOGICA";
"28/07/2015";"158716264392015NE800027";"0035 - FUNCIONAMENTO DAS INSTITUICOES DA RED - NO ESTADO DE SAO PAU";"Empenho";"ORIGINAL";"21.189.579/0001-52 - BOING COMERCIO ATACADISTA DE MATERIAIS LTDA";"SC";"IFSP - CAMPUS JACAREI";"INST.FED.DE EDUC.,CIENC.E TEC.DE SAO PAULO";"Instituto Federal de Educação, Ciência e Tecnologia de São Paulo";"Ministério da Educação";"716,40";"3 - Outras Despesas Correntes";"30 - Material de Consumo";"90 - Aplicações Diretas";"0000 - FUNCIONAMENTO DE INSTITUICOES FEDERAIS DE EDUCACAO PROFISSIONAL E TECNOLOGICA";"0000";"12 - Educação";"363 - Ensino profissional";"20RL0035 - FUNCIONAMENTO DAS INSTITUICOES DA RED - NO ESTADO DE SAO PAU";"2031 - EDUCACAO PROFISSIONAL E TECNOLOGICA";"20RL - FUNCIONAMENTO DAS INSTITUICOES DA REDE FEDERAL DE EDUCACAO PROFISSIONAL, CIENTIFICA E TECNOLOGICA";
"28/07/2015";"158716264392015NE800028";"0035 - FUNCIONAMENTO DAS INSTITUICOES DA RED - NO ESTADO DE SAO PAU";"Empenho";"ORIGINAL";"08.036.863/0001-20 - DIKA SUPRIMENTOS DE ESCRITORIO E INFORMATICA LTDA";"MG";"IFSP - CAMPUS JACAREI";"INST.FED.DE EDUC.,CIENC.E TEC.DE SAO PAULO";"Instituto Federal de Educação, Ciência e Tecnologia de São Paulo";"Ministério da Educação";"196,75";"3 - Outras Despesas Correntes";"30 - Material de Consumo";"90 - Aplicações Diretas";"0000 - FUNCIONAMENTO DE INSTITUICOES FEDERAIS DE EDUCACAO PROFISSIONAL E TECNOLOGICA";"0000";"12 - Educação";"363 - Ensino profissional";"20RL0035 - FUNCIONAMENTO DAS INSTITUICOES DA RED - NO ESTADO DE SAO PAU";"2031 - EDUCACAO PROFISSIONAL E TECNOLOGICA";"20RL - FUNCIONAMENTO DAS INSTITUICOES DA REDE FEDERAL DE EDUCACAO PROFISSIONAL, CIENTIFICA E TECNOLOGICA";
"28/07/2015";"158716264392015NE800029";"0035 - FUNCIONAMENTO DAS INSTITUICOES DA RED - NO ESTADO DE SAO PAU";"Empenho";"ORIGINAL";"04.196.935/0002-27 - GOLDEN DISTRIBUIDORA LTDA.";"SP";"IFSP - CAMPUS JACAREI";"INST.FED.DE EDUC.,CIENC.E TEC.DE SAO PAULO";"Instituto Federal de Educação, Ciência e Tecnologia de São Paulo";"Ministério da Educação";"310,20";"3 - Outras Despesas Correntes";"30 - Material de Consumo";"90 - Aplicações Diretas";"0000 - FUNCIONAMENTO DE INSTITUICOES FEDERAIS DE EDUCACAO PROFISSIONAL E TECNOLOGICA";"0000";"12 - Educação";"363 - Ensino profissional";"20RL0035 - FUNCIONAMENTO DAS INSTITUICOES DA RED - NO ESTADO DE SAO PAU";"2031 - EDUCACAO PROFISSIONAL E TECNOLOGICA";"20RL - FUNCIONAMENTO DAS INSTITUICOES DA REDE FEDERAL DE EDUCACAO PROFISSIONAL, CIENTIFICA E TECNOLOGICA";
"28/07/2015";"158716264392015NE800030";"0035 - FUNCIONAMENTO DAS INSTITUICOES DA RED - NO ESTADO DE SAO PAU";"Empenho";"ORIGINAL";"06.088.333/0001-09 - L B SOARES COMERCIO LTDA";"MG";"IFSP - CAMPUS JACAREI";"INST.FED.DE EDUC.,CIENC.E TEC.DE SAO PAULO";"Instituto Federal de Educação, Ciência e Tecnologia de São Paulo";"Ministério da Educação";"143,90";"3 - Outras Despesas Correntes";"30 - Material de Consumo";"90 - Aplicações Diretas";"0000 - FUNCIONAMENTO DE INSTITUICOES FEDERAIS DE EDUCACAO PROFISSIONAL E TECNOLOGICA";"0000";"12 - Educação";"363 - Ensino profissional";"20RL0035 - FUNCIONAMENTO DAS INSTITUICOES DA RED - NO ESTADO DE SAO PAU";"2031 - EDUCACAO PROFISSIONAL E TECNOLOGICA";"20RL - FUNCIONAMENTO DAS INSTITUICOES DA REDE FEDERAL DE EDUCACAO PROFISSIONAL, CIENTIFICA E TECNOLOGICA";
"28/07/2015";"158716264392015NE800031";"0035 - FUNCIONAMENTO DAS INSTITUICOES DA RED - NO ESTADO DE SAO PAU";"Empenho";"ORIGINAL";"03.890.611/0001-40 - LINHA BRASIL SERVICOS ADMINISTRATIVOS LTDA";"DF";"IFSP - CAMPUS JACAREI";"INST.FED.DE EDUC.,CIENC.E TEC.DE SAO PAULO";"Instituto Federal de Educação, Ciência e Tecnologia de São Paulo";"Ministério da Educação";"143,30";"3 - Outras Despesas Correntes";"30 - Material de Consumo";"90 - Aplicações Diretas";"0000 - FUNCIONAMENTO DE INSTITUICOES FEDERAIS DE EDUCACAO PROFISSIONAL E TECNOLOGICA";"0000";"12 - Educação";"363 - Ensino profissional";"20RL0035 - FUNCIONAMENTO DAS INSTITUICOES DA RED - NO ESTADO DE SAO PAU";"2031 - EDUCACAO PROFISSIONAL E TECNOLOGICA";"20RL - FUNCIONAMENTO DAS INSTITUICOES DA REDE FEDERAL DE EDUCACAO PROFISSIONAL, CIENTIFICA E TECNOLOGICA";
"28/07/2015";"158716264392015NE800032";"0035 - FUNCIONAMENTO DAS INSTITUICOES DA RED - NO ESTADO DE SAO PAU";"Empenho";"ORIGINAL";"18.342.605/0001-26 - MNA MAGAZINE LTDA";"ES";"IFSP - CAMPUS JACAREI";"INST.FED.DE EDUC.,CIENC.E TEC.DE SAO PAULO";"Instituto Federal de Educação, Ciência e Tecnologia de São Paulo";"Ministério da Educação";"1.900,00";"3 - Outras Despesas Correntes";"30 - Material de Consumo";"90 - Aplicações Diretas";"0000 - FUNCIONAMENTO DE INSTITUICOES FEDERAIS DE EDUCACAO PROFISSIONAL E TECNOLOGICA";"0000";"12 - Educação";"363 - Ensino profissional";"20RL0035 - FUNCIONAMENTO DAS INSTITUICOES DA RED - NO ESTADO DE SAO PAU";"2031 - EDUCACAO PROFISSIONAL E TECNOLOGICA";"20RL - FUNCIONAMENTO DAS INSTITUICOES DA REDE FEDERAL DE EDUCACAO PROFISSIONAL, CIENTIFICA E TECNOLOGICA";
"28/07/2015";"158716264392015NE800033";"0035 - FUNCIONAMENTO DAS INSTITUICOES DA RED - NO ESTADO DE SAO PAU";"Empenho";"ORIGINAL";"07.048.323/0001-02 - RC RAMOS COMERCIO LTDA";"GO";"IFSP - CAMPUS JACAREI";"INST.FED.DE EDUC.,CIENC.E TEC.DE SAO PAULO";"Instituto Federal de Educação, Ciência e Tecnologia de São Paulo";"Ministério da Educação";"1.093,30";"3 - Outras Despesas Correntes";"30 - Material de Consumo";"90 - Aplicações Diretas";"0000 - FUNCIONAMENTO DE INSTITUICOES FEDERAIS DE EDUCACAO PROFISSIONAL E TECNOLOGICA";"0000";"12 - Educação";"363 - Ensino profissional";"20RL0035 - FUNCIONAMENTO DAS INSTITUICOES DA RED - NO ESTADO DE SAO PAU";"2031 - EDUCACAO PROFISSIONAL E TECNOLOGICA";"20RL - FUNCIONAMENTO DAS INSTITUICOES DA REDE FEDERAL DE EDUCACAO PROFISSIONAL, CIENTIFICA E TECNOLOGICA";
"29/07/2015";"158716264392015NE800034";"0035 - FUNCIONAMENTO DAS INSTITUICOES DA RED - NO ESTADO DE SAO PAU";"Empenho";"ORIGINAL";"08.978.381/0001-90 - CKS COMERCIO DE MATERIAIS DE ESCRITORIO LTDA";"SP";"IFSP - CAMPUS JACAREI";"INST.FED.DE EDUC.,CIENC.E TEC.DE SAO PAULO";"Instituto Federal de Educação, Ciência e Tecnologia de São Paulo";"Ministério da Educação";"592,81";"3 - Outras Despesas Correntes";"30 - Material de Consumo";"90 - Aplicações Diretas";"0000 - FUNCIONAMENTO DE INSTITUICOES FEDERAIS DE EDUCACAO PROFISSIONAL E TECNOLOGICA";"0000";"12 - Educação";"363 - Ensino profissional";"20RL0035 - FUNCIONAMENTO DAS INSTITUICOES DA RED - NO ESTADO DE SAO PAU";"2031 - EDUCACAO PROFISSIONAL E TECNOLOGICA";"20RL - FUNCIONAMENTO DAS INSTITUICOES DA REDE FEDERAL DE EDUCACAO PROFISSIONAL, CIENTIFICA E TECNOLOGICA";
"29/07/2015";"158716264392015NE800035";"0035 - FUNCIONAMENTO DAS INSTITUICOES DA RED - NO ESTADO DE SAO PAU";"Empenho";"ORIGINAL";"04.708.626/0001-08 - DISTRIBUIDORA DE SUPRIMENTOS ETICA LTDA";"SP";"IFSP - CAMPUS JACAREI";"INST.FED.DE EDUC.,CIENC.E TEC.DE SAO PAULO";"Instituto Federal de Educação, Ciência e Tecnologia de São Paulo";"Ministério da Educação";"6.792,40";"3 - Outras Despesas Correntes";"30 - Material de Consumo";"90 - Aplicações Diretas";"0000 - FUNCIONAMENTO DE INSTITUICOES FEDERAIS DE EDUCACAO PROFISSIONAL E TECNOLOGICA";"0000";"12 - Educação";"363 - Ensino profissional";"20RL0035 - FUNCIONAMENTO DAS INSTITUICOES DA RED - NO ESTADO DE SAO PAU";"2031 - EDUCACAO PROFISSIONAL E TECNOLOGICA";"20RL - FUNCIONAMENTO DAS INSTITUICOES DA REDE FEDERAL DE EDUCACAO PROFISSIONAL, CIENTIFICA E TECNOLOGICA";
"30/07/2015";"158716264392015NE800036";"0035 - FUNCIONAMENTO DAS INSTITUICOES DA RED - NO ESTADO DE SAO PAU";"Empenho";"ORIGINAL";"05.075.962/0001-23 - MAXIM QUALITTA COMERCIO LTDA";"SP";"IFSP - CAMPUS JACAREI";"INST.FED.DE EDUC.,CIENC.E TEC.DE SAO PAULO";"Instituto Federal de Educação, Ciência e Tecnologia de São Paulo";"Ministério da Educação";"1.078,20";"3 - Outras Despesas Correntes";"30 - Material de Consumo";"90 - Aplicações Diretas";"0000 - FUNCIONAMENTO DE INSTITUICOES FEDERAIS DE EDUCACAO PROFISSIONAL E TECNOLOGICA";"0000";"12 - Educação";"363 - Ensino profissional";"20RL0035 - FUNCIONAMENTO DAS INSTITUICOES DA RED - NO ESTADO DE SAO PAU";"2031 - EDUCACAO PROFISSIONAL E TECNOLOGICA";"20RL - FUNCIONAMENTO DAS INSTITUICOES DA REDE FEDERAL DE EDUCACAO PROFISSIONAL, CIENTIFICA E TECNOLOGICA";
"31/07/2015";"158716264392015NE800037";"0035 - FUNCIONAMENTO DAS INSTITUICOES DA RED - NO ESTADO DE SAO PAU";"Empenho";"ORIGINAL";"12.981.327/0001-70 - SERV & MAQ COMERCIO E SERVICOS LTDA";"RN";"IFSP - CAMPUS JACAREI";"INST.FED.DE EDUC.,CIENC.E TEC.DE SAO PAULO";"Instituto Federal de Educação, Ciência e Tecnologia de São Paulo";"Ministério da Educação";"299,00";"3 - Outras Despesas Correntes";"30 - Material de Consumo";"90 - Aplicações Diretas";"0000 - FUNCIONAMENTO DE INSTITUICOES FEDERAIS DE EDUCACAO PROFISSIONAL E TECNOLOGICA";"0000";"12 - Educação";"363 - Ensino profissional";"20RL0035 - FUNCIONAMENTO DAS INSTITUICOES DA RED - NO ESTADO DE SAO PAU";"2031 - EDUCACAO PROFISSIONAL E TECNOLOGICA";"20RL - FUNCIONAMENTO DAS INSTITUICOES DA REDE FEDERAL DE EDUCACAO PROFISSIONAL, CIENTIFICA E TECNOLOGICA";
"07/08/2015";"158716264392015NE800038";"0035 - FUNCIONAMENTO DAS INSTITUICOES DA RED - NO ESTADO DE SAO PAU";"Empenho";"ORIGINAL";"19.352.303/0001-00 - FERCALLI CONSTRUTORA LTDA";"SP";"IFSP - CAMPUS JACAREI";"INST.FED.DE EDUC.,CIENC.E TEC.DE SAO PAULO";"Instituto Federal de Educação, Ciência e Tecnologia de São Paulo";"Ministério da Educação";"120,00";"3 - Outras Despesas Correntes";"30 - Material de Consumo";"90 - Aplicações Diretas";"0000 - FUNCIONAMENTO DE INSTITUICOES FEDERAIS DE EDUCACAO PROFISSIONAL E TECNOLOGICA";"0000";"12 - Educação";"363 - Ensino profissional";"20RL0035 - FUNCIONAMENTO DAS INSTITUICOES DA RED - NO ESTADO DE SAO PAU";"2031 - EDUCACAO PROFISSIONAL E TECNOLOGICA";"20RL - FUNCIONAMENTO DAS INSTITUICOES DA REDE FEDERAL DE EDUCACAO PROFISSIONAL, CIENTIFICA E TECNOLOGICA";
"07/08/2015";"158716264392015NE800039";"0035 - FUNCIONAMENTO DAS INSTITUICOES DA RED - NO ESTADO DE SAO PAU";"Empenho";"ORIGINAL";"02.302.100/0001-06 - EDP SAO PAULO DISTRIBUICAO DE ENERGIA S.A.";"SP";"IFSP - CAMPUS JACAREI";"INST.FED.DE EDUC.,CIENC.E TEC.DE SAO PAULO";"Instituto Federal de Educação, Ciência e Tecnologia de São Paulo";"Ministério da Educação";"26.250,00";"3 - Outras Despesas Correntes";"39 - Outros Serviços de Terceiros - Pessoa Jurídica";"90 - Aplicações Diretas";"0000 - FUNCIONAMENTO DE INSTITUICOES FEDERAIS DE EDUCACAO PROFISSIONAL E TECNOLOGICA";"0000";"12 - Educação";"363 - Ensino profissional";"20RL0035 - FUNCIONAMENTO DAS INSTITUICOES DA RED - NO ESTADO DE SAO PAU";"2031 - EDUCACAO PROFISSIONAL E TECNOLOGICA";"20RL - FUNCIONAMENTO DAS INSTITUICOES DA REDE FEDERAL DE EDUCACAO PROFISSIONAL, CIENTIFICA E TECNOLOGICA";
"20/08/2015";"158716264392015NE800040";"0035 - FUNCIONAMENTO DAS INSTITUICOES DA RED - NO ESTADO DE SAO PAU";"Empenho";"ANULAÇÃO";"40.432.544/0001-47 - CLARO S.A.";"SP";"IFSP - CAMPUS JACAREI";"INST.FED.DE EDUC.,CIENC.E TEC.DE SAO PAULO";"Instituto Federal de Educação, Ciência e Tecnologia de São Paulo";"Ministério da Educação";"4.654,13";"3 - Outras Despesas Correntes";"39 - Outros Serviços de Terceiros - Pessoa Jurídica";"90 - Aplicações Diretas";"0000 - FUNCIONAMENTO DE INSTITUICOES FEDERAIS DE EDUCACAO PROFISSIONAL E TECNOLOGICA";"0000";"12 - Educação";"363 - Ensino profissional";"20RL0035 - FUNCIONAMENTO DAS INSTITUICOES DA RED - NO ESTADO DE SAO PAU";"2031 - EDUCACAO PROFISSIONAL E TECNOLOGICA";"20RL - FUNCIONAMENTO DAS INSTITUICOES DA REDE FEDERAL DE EDUCACAO PROFISSIONAL, CIENTIFICA E TECNOLOGICA";
"20/08/2015";"158716264392015NE800041";"0035 - FUNCIONAMENTO DAS INSTITUICOES DA RED - NO ESTADO DE SAO PAU";"Empenho";"ORIGINAL";"40.432.544/0001-47 - CLARO S.A.";"SP";"IFSP - CAMPUS JACAREI";"INST.FED.DE EDUC.,CIENC.E TEC.DE SAO PAULO";"Instituto Federal de Educação, Ciência e Tecnologia de São Paulo";"Ministério da Educação";"4.654,13";"3 - Outras Despesas Correntes";"39 - Outros Serviços de Terceiros - Pessoa Jurídica";"90 - Aplicações Diretas";"0000 - FUNCIONAMENTO DE INSTITUICOES FEDERAIS DE EDUCACAO PROFISSIONAL E TECNOLOGICA";"0000";"12 - Educação";"363 - Ensino profissional";"20RL0035 - FUNCIONAMENTO DAS INSTITUICOES DA RED - NO ESTADO DE SAO PAU";"2031 - EDUCACAO PROFISSIONAL E TECNOLOGICA";"20RL - FUNCIONAMENTO DAS INSTITUICOES DA REDE FEDERAL DE EDUCACAO PROFISSIONAL, CIENTIFICA E TECNOLOGICA";
"24/08/2015";"158716264392015NE800042";"0035 - FUNCIONAMENTO DAS INSTITUICOES DA RED - NO ESTADO DE SAO PAU";"Empenho";"ORIGINAL";"11.440.115/0001-13 - PERSI ANIL - COMERCIO E SERVICOS LTDA";"SP";"IFSP - CAMPUS JACAREI";"INST.FED.DE EDUC.,CIENC.E TEC.DE SAO PAULO";"Instituto Federal de Educação, Ciência e Tecnologia de São Paulo";"Ministério da Educação";"16.165,80";"4 - Investimentos";"52 - Equipamentos e Material Permanente";"90 - Aplicações Diretas";"0000 - FUNCIONAMENTO DE INSTITUICOES FEDERAIS DE EDUCACAO PROFISSIONAL E TECNOLOGICA";"0000";"12 - Educação";"363 - Ensino profissional";"20RL0035 - FUNCIONAMENTO DAS INSTITUICOES DA RED - NO ESTADO DE SAO PAU";"2031 - EDUCACAO PROFISSIONAL E TECNOLOGICA";"20RL - FUNCIONAMENTO DAS INSTITUICOES DA REDE FEDERAL DE EDUCACAO PROFISSIONAL, CIENTIFICA E TECNOLOGICA";
"26/08/2015";"158716264392015NE000021";"0035 - FUNCIONAMENTO DAS INSTITUICOES DA RED - NO ESTADO DE SAO PAU";"Empenho";"REFORÇO";"158716 - IFSP - CAMPUS JACAREI";"SP";"IFSP - CAMPUS JACAREI";"INST.FED.DE EDUC.,CIENC.E TEC.DE SAO PAULO";"Instituto Federal de Educação, Ciência e Tecnologia de São Paulo";"Ministério da Educação";"11.724,80";"3 - Outras Despesas Correntes";"14 - Diárias - Civil";"90 - Aplicações Diretas";"0000 - FUNCIONAMENTO DE INSTITUICOES FEDERAIS DE EDUCACAO PROFISSIONAL E TECNOLOGICA";"0000";"12 - Educação";"363 - Ensino profissional";"20RL0035 - FUNCIONAMENTO DAS INSTITUICOES DA RED - NO ESTADO DE SAO PAU";"2031 - EDUCACAO PROFISSIONAL E TECNOLOGICA";"20RL - FUNCIONAMENTO DAS INSTITUICOES DA REDE FEDERAL DE EDUCACAO PROFISSIONAL, CIENTIFICA E TECNOLOGICA";
"04/09/2015";"158716264392015NE000022";"0035 - FUNCIONAMENTO DAS INSTITUICOES DA RED - NO ESTADO DE SAO PAU";"Empenho";"ANULAÇÃO";"158716 - IFSP - CAMPUS JACAREI";"SP";"IFSP - CAMPUS JACAREI";"INST.FED.DE EDUC.,CIENC.E TEC.DE SAO PAULO";"Instituto Federal de Educação, Ciência e Tecnologia de São Paulo";"Ministério da Educação";"4.000,00";"3 - Outras Despesas Correntes";"14 - Diárias - Civil";"90 - Aplicações Diretas";"0000 - FUNCIONAMENTO DE INSTITUICOES FEDERAIS DE EDUCACAO PROFISSIONAL E TECNOLOGICA";"0000";"12 - Educação";"363 - Ensino profissional";"20RL0035 - FUNCIONAMENTO DAS INSTITUICOES DA RED - NO ESTADO DE SAO PAU";"2031 - EDUCACAO PROFISSIONAL E TECNOLOGICA";"20RL - FUNCIONAMENTO DAS INSTITUICOES DA REDE FEDERAL DE EDUCACAO PROFISSIONAL, CIENTIFICA E TECNOLOGICA";
"04/09/2015";"158716264392015NE000023";"0035 - FUNCIONAMENTO DAS INSTITUICOES DA RED - NO ESTADO DE SAO PAU";"Empenho";"ORIGINAL";"158716 - IFSP - CAMPUS JACAREI";"SP";"IFSP - CAMPUS JACAREI";"INST.FED.DE EDUC.,CIENC.E TEC.DE SAO PAULO";"Instituto Federal de Educação, Ciência e Tecnologia de São Paulo";"Ministério da Educação";"4.000,00";"3 - Outras Despesas Correntes";"18 - Auxílio Financeiro a Estudantes";"90 - Aplicações Diretas";"0000 - FUNCIONAMENTO DE INSTITUICOES FEDERAIS DE EDUCACAO PROFISSIONAL E TECNOLOGICA";"0000";"12 - Educação";"363 - Ensino profissional";"20RL0035 - FUNCIONAMENTO DAS INSTITUICOES DA RED - NO ESTADO DE SAO PAU";"2031 - EDUCACAO PROFISSIONAL E TECNOLOGICA";"20RL - FUNCIONAMENTO DAS INSTITUICOES DA REDE FEDERAL DE EDUCACAO PROFISSIONAL, CIENTIFICA E TECNOLOGICA";
"14/10/2015";"158716264392015NE000024";"0035 - ASSISTENCIA AOS ESTUDANTES DA REDE FE - NO ESTADO DE SAO PAU";"Empenho";"REFORÇO";"158716 - IFSP - CAMPUS JACAREI";"SP";"IFSP - CAMPUS JACAREI";"INST.FED.DE EDUC.,CIENC.E TEC.DE SAO PAULO";"Instituto Federal de Educação, Ciência e Tecnologia de São Paulo";"Ministério da Educação";"4.550,00";"3 - Outras Despesas Correntes";"18 - Auxílio Financeiro a Estudantes";"90 - Aplicações Diretas";"0000 - ASSISTENCIA AO ESTUDANTE DA EDUCACAO PROFISSIONAL E TECNOLOGICA";"0000";"12 - Educação";"363 - Ensino profissional";"29940035 - ASSISTENCIA AOS ESTUDANTES DA REDE FE - NO ESTADO DE SAO PAU";"2031 - EDUCACAO PROFISSIONAL E TECNOLOGICA";"2994 - ASSISTENCIA AOS ESTUDANTES DA REDE FEDERAL DE EDUCACAO PROFISSIONAL, CIENTIFICA E TECNOLOGICA";
"19/10/2015";"158716264392015NE000025";"0035 - FUNCIONAMENTO DAS INSTITUICOES DA RED - NO ESTADO DE SAO PAU";"Empenho";"REFORÇO";"158716 - IFSP - CAMPUS JACAREI";"SP";"IFSP - CAMPUS JACAREI";"INST.FED.DE EDUC.,CIENC.E TEC.DE SAO PAULO";"Instituto Federal de Educação, Ciência e Tecnologia de São Paulo";"Ministério da Educação";"727,50";"3 - Outras Despesas Correntes";"14 - Diárias - Civil";"90 - Aplicações Diretas";"0000 - FUNCIONAMENTO DE INSTITUICOES FEDERAIS DE EDUCACAO PROFISSIONAL E TECNOLOGICA";"0000";"12 - Educação";"363 - Ensino profissional";"20RL0035 - FUNCIONAMENTO DAS INSTITUICOES DA RED - NO ESTADO DE SAO PAU";"2031 - EDUCACAO PROFISSIONAL E TECNOLOGICA";"20RL - FUNCIONAMENTO DAS INSTITUICOES DA REDE FEDERAL DE EDUCACAO PROFISSIONAL, CIENTIFICA E TECNOLOGICA";
"21/10/2015";"158716264392015NE000026";"0035 - FUNCIONAMENTO DAS INSTITUICOES DA RED - NO ESTADO DE SAO PAU";"Empenho";"ORIGINAL";"158716 - IFSP - CAMPUS JACAREI";"SP";"IFSP - CAMPUS JACAREI";"INST.FED.DE EDUC.,CIENC.E TEC.DE SAO PAULO";"Instituto Federal de Educação, Ciência e Tecnologia de São Paulo";"Ministério da Educação";"1.800,00";"3 - Outras Despesas Correntes";"18 - Auxílio Financeiro a Estudantes";"90 - Aplicações Diretas";"0000 - FUNCIONAMENTO DE INSTITUICOES FEDERAIS DE EDUCACAO PROFISSIONAL E TECNOLOGICA";"0000";"12 - Educação";"363 - Ensino profissional";"20RL0035 - FUNCIONAMENTO DAS INSTITUICOES DA RED - NO ESTADO DE SAO PAU";"2031 - EDUCACAO PROFISSIONAL E TECNOLOGICA";"20RL - FUNCIONAMENTO DAS INSTITUICOES DA REDE FEDERAL DE EDUCACAO PROFISSIONAL, CIENTIFICA E TECNOLOGICA";
"21/10/2015";"158716264392015NE800043";"0035 - FUNCIONAMENTO DAS INSTITUICOES DA RED - NO ESTADO DE SAO PAU";"Empenho";"REFORÇO";"02.302.100/0001-06 - EDP SAO PAULO DISTRIBUICAO DE ENERGIA S.A.";"SP";"IFSP - CAMPUS JACAREI";"INST.FED.DE EDUC.,CIENC.E TEC.DE SAO PAULO";"Instituto Federal de Educação, Ciência e Tecnologia de São Paulo";"Ministério da Educação";"7.825,40";"3 - Outras Despesas Correntes";"39 - Outros Serviços de Terceiros - Pessoa Jurídica";"90 - Aplicações Diretas";"0000 - FUNCIONAMENTO DE INSTITUICOES FEDERAIS DE EDUCACAO PROFISSIONAL E TECNOLOGICA";"0000";"12 - Educação";"363 - Ensino profissional";"20RL0035 - FUNCIONAMENTO DAS INSTITUICOES DA RED - NO ESTADO DE SAO PAU";"2031 - EDUCACAO PROFISSIONAL E TECNOLOGICA";"20RL - FUNCIONAMENTO DAS INSTITUICOES DA REDE FEDERAL DE EDUCACAO PROFISSIONAL, CIENTIFICA E TECNOLOGICA";
"23/10/2015";"158716264392015NE000027";"0035 - FUNCIONAMENTO DAS INSTITUICOES DA RED - NO ESTADO DE SAO PAU";"Empenho";"ORIGINAL";"158716 - IFSP - CAMPUS JACAREI";"SP";"IFSP - CAMPUS JACAREI";"INST.FED.DE EDUC.,CIENC.E TEC.DE SAO PAULO";"Instituto Federal de Educação, Ciência e Tecnologia de São Paulo";"Ministério da Educação";"405,00";"3 - Outras Despesas Correntes";"18 - Auxílio Financeiro a Estudantes";"90 - Aplicações Diretas";"0000 - FUNCIONAMENTO DE INSTITUICOES FEDERAIS DE EDUCACAO PROFISSIONAL E TECNOLOGICA";"0000";"12 - Educação";"363 - Ensino profissional";"20RL0035 - FUNCIONAMENTO DAS INSTITUICOES DA RED - NO ESTADO DE SAO PAU";"2031 - EDUCACAO PROFISSIONAL E TECNOLOGICA";"20RL - FUNCIONAMENTO DAS INSTITUICOES DA REDE FEDERAL DE EDUCACAO PROFISSIONAL, CIENTIFICA E TECNOLOGICA";
"26/10/2015";"158716264392015NE000028";"0035 - FUNCIONAMENTO DAS INSTITUICOES DA RED - NO ESTADO DE SAO PAU";"Empenho";"ANULAÇÃO";"158716 - IFSP - CAMPUS JACAREI";"SP";"IFSP - CAMPUS JACAREI";"INST.FED.DE EDUC.,CIENC.E TEC.DE SAO PAULO";"Instituto Federal de Educação, Ciência e Tecnologia de São Paulo";"Ministério da Educação";"405,00";"3 - Outras Despesas Correntes";"18 - Auxílio Financeiro a Estudantes";"90 - Aplicações Diretas";"0000 - FUNCIONAMENTO DE INSTITUICOES FEDERAIS DE EDUCACAO PROFISSIONAL E TECNOLOGICA";"0000";"12 - Educação";"363 - Ensino profissional";"20RL0035 - FUNCIONAMENTO DAS INSTITUICOES DA RED - NO ESTADO DE SAO PAU";"2031 - EDUCACAO PROFISSIONAL E TECNOLOGICA";"20RL - FUNCIONAMENTO DAS INSTITUICOES DA REDE FEDERAL DE EDUCACAO PROFISSIONAL, CIENTIFICA E TECNOLOGICA";
"26/10/2015";"158716264392015NE000029";"0035 - FUNCIONAMENTO DAS INSTITUICOES DA RED - NO ESTADO DE SAO PAU";"Empenho";"ORIGINAL";"158716 - IFSP - CAMPUS JACAREI";"SP";"IFSP - CAMPUS JACAREI";"INST.FED.DE EDUC.,CIENC.E TEC.DE SAO PAULO";"Instituto Federal de Educação, Ciência e Tecnologia de São Paulo";"Ministério da Educação";"205,00";"3 - Outras Despesas Correntes";"18 - Auxílio Financeiro a Estudantes";"90 - Aplicações Diretas";"0000 - FUNCIONAMENTO DE INSTITUICOES FEDERAIS DE EDUCACAO PROFISSIONAL E TECNOLOGICA";"0000";"12 - Educação";"363 - Ensino profissional";"20RL0035 - FUNCIONAMENTO DAS INSTITUICOES DA RED - NO ESTADO DE SAO PAU";"2031 - EDUCACAO PROFISSIONAL E TECNOLOGICA";"20RL - FUNCIONAMENTO DAS INSTITUICOES DA REDE FEDERAL DE EDUCACAO PROFISSIONAL, CIENTIFICA E TECNOLOGICA";
"26/10/2015";"158716264392015NE000030";"0035 - ASSISTENCIA AOS ESTUDANTES DA REDE FE - NO ESTADO DE SAO PAU";"Empenho";"REFORÇO";"158716 - IFSP - CAMPUS JACAREI";"SP";"IFSP - CAMPUS JACAREI";"INST.FED.DE EDUC.,CIENC.E TEC.DE SAO PAULO";"Instituto Federal de Educação, Ciência e Tecnologia de São Paulo";"Ministério da Educação";"4.986,30";"3 - Outras Despesas Correntes";"18 - Auxílio Financeiro a Estudantes";"90 - Aplicações Diretas";"0000 - ASSISTENCIA AO ESTUDANTE DA EDUCACAO PROFISSIONAL E TECNOLOGICA";"0000";"12 - Educação";"363 - Ensino profissional";"29940035 - ASSISTENCIA AOS ESTUDANTES DA REDE FE - NO ESTADO DE SAO PAU";"2031 - EDUCACAO PROFISSIONAL E TECNOLOGICA";"2994 - ASSISTENCIA AOS ESTUDANTES DA REDE FEDERAL DE EDUCACAO PROFISSIONAL, CIENTIFICA E TECNOLOGICA";
"29/10/2015";"158716264392015NE800044";"0035 - FUNCIONAMENTO DAS INSTITUICOES DA RED - NO ESTADO DE SAO PAU";"Empenho";"REFORÇO";"02.302.100/0001-06 - EDP SAO PAULO DISTRIBUICAO DE ENERGIA S.A.";"SP";"IFSP - CAMPUS JACAREI";"INST.FED.DE EDUC.,CIENC.E TEC.DE SAO PAULO";"Instituto Federal de Educação, Ciência e Tecnologia de São Paulo";"Ministério da Educação";"6.000,00";"3 - Outras Despesas Correntes";"39 - Outros Serviços de Terceiros - Pessoa Jurídica";"90 - Aplicações Diretas";"0000 - FUNCIONAMENTO DE INSTITUICOES FEDERAIS DE EDUCACAO PROFISSIONAL E TECNOLOGICA";"0000";"12 - Educação";"363 - Ensino profissional";"20RL0035 - FUNCIONAMENTO DAS INSTITUICOES DA RED - NO ESTADO DE SAO PAU";"2031 - EDUCACAO PROFISSIONAL E TECNOLOGICA";"20RL - FUNCIONAMENTO DAS INSTITUICOES DA REDE FEDERAL DE EDUCACAO PROFISSIONAL, CIENTIFICA E TECNOLOGICA";
"30/10/2015";"158716264392015NE000031";"0035 - FUNCIONAMENTO DAS INSTITUICOES DA RED - NO ESTADO DE SAO PAU";"Empenho";"REFORÇO";"158716 - IFSP - CAMPUS JACAREI";"SP";"IFSP - CAMPUS JACAREI";"INST.FED.DE EDUC.,CIENC.E TEC.DE SAO PAULO";"Instituto Federal de Educação, Ciência e Tecnologia de São Paulo";"Ministério da Educação";"442,50";"3 - Outras Despesas Correntes";"14 - Diárias - Civil";"90 - Aplicações Diretas";"0000 - FUNCIONAMENTO DE INSTITUICOES FEDERAIS DE EDUCACAO PROFISSIONAL E TECNOLOGICA";"0000";"12 - Educação";"363 - Ensino profissional";"20RL0035 - FUNCIONAMENTO DAS INSTITUICOES DA RED - NO ESTADO DE SAO PAU";"2031 - EDUCACAO PROFISSIONAL E TECNOLOGICA";"20RL - FUNCIONAMENTO DAS INSTITUICOES DA REDE FEDERAL DE EDUCACAO PROFISSIONAL, CIENTIFICA E TECNOLOGICA";
"05/11/2015";"158716264392015NE000032";"0035 - CAPACITACAO DE SERVIDORES PUBLICOS FE - NO ESTADO DE SAO PAU";"Empenho";"ANULAÇÃO";"158716 - IFSP - CAMPUS JACAREI";"SP";"IFSP - CAMPUS JACAREI";"INST.FED.DE EDUC.,CIENC.E TEC.DE SAO PAULO";"Instituto Federal de Educação, Ciência e Tecnologia de São Paulo";"Ministério da Educação";"3.340,83";"3 - Outras Despesas Correntes";"14 - Diárias - Civil";"90 - Aplicações Diretas";"0000 - CAPACITACAO DE SERVIDORES PUBLICOS FEDERAIS EM PROCESSO DE QUALIFICACAO E REQUALIFICACAO";"0000";"12 - Educação";"128 - Formação de recursos humanos";"45720035 - CAPACITACAO DE SERVIDORES PUBLICOS FE - NO ESTADO DE SAO PAU";"2109 - PROGRAMA DE GESTAO E MANUTENCAO DO MINISTERIO DA EDUCACAO";"4572 - CAPACITACAO DE SERVIDORES PUBLICOS FEDERAIS EM PROCESSO DE QUALIFICACAO E REQUALIFICACAO";
"06/11/2015";"158716264392015NE800045";"0035 - FUNCIONAMENTO DAS INSTITUICOES DA RED - NO ESTADO DE SAO PAU";"Empenho";"ORIGINAL";"04.762.679/0001-07 - CAWI-TEC SERVICOS EM INFORMATICA LTDA";"SP";"IFSP - CAMPUS JACAREI";"INST.FED.DE EDUC.,CIENC.E TEC.DE SAO PAULO";"Instituto Federal de Educação, Ciência e Tecnologia de São Paulo";"Ministério da Educação";"987,60";"3 - Outras Despesas Correntes";"30 - Material de Consumo";"90 - Aplicações Diretas";"0000 - FUNCIONAMENTO DE INSTITUICOES FEDERAIS DE EDUCACAO PROFISSIONAL E TECNOLOGICA";"0000";"12 - Educação";"363 - Ensino profissional";"20RL0035 - FUNCIONAMENTO DAS INSTITUICOES DA RED - NO ESTADO DE SAO PAU";"2031 - EDUCACAO PROFISSIONAL E TECNOLOGICA";"20RL - FUNCIONAMENTO DAS INSTITUICOES DA REDE FEDERAL DE EDUCACAO PROFISSIONAL, CIENTIFICA E TECNOLOGICA";
"06/11/2015";"158716264392015NE800046";"0035 - FUNCIONAMENTO DAS INSTITUICOES DA RED - NO ESTADO DE SAO PAU";"Empenho";"REFORÇO";"02.302.100/0001-06 - EDP SAO PAULO DISTRIBUICAO DE ENERGIA S.A.";"SP";"IFSP - CAMPUS JACAREI";"INST.FED.DE EDUC.,CIENC.E TEC.DE SAO PAULO";"Instituto Federal de Educação, Ciência e Tecnologia de São Paulo";"Ministério da Educação";"4.000,00";"3 - Outras Despesas Correntes";"39 - Outros Serviços de Terceiros - Pessoa Jurídica";"90 - Aplicações Diretas";"0000 - FUNCIONAMENTO DE INSTITUICOES FEDERAIS DE EDUCACAO PROFISSIONAL E TECNOLOGICA";"0000";"12 - Educação";"363 - Ensino profissional";"20RL0035 - FUNCIONAMENTO DAS INSTITUICOES DA RED - NO ESTADO DE SAO PAU";"2031 - EDUCACAO PROFISSIONAL E TECNOLOGICA";"20RL - FUNCIONAMENTO DAS INSTITUICOES DA REDE FEDERAL DE EDUCACAO PROFISSIONAL, CIENTIFICA E TECNOLOGICA";
"06/11/2015";"158716264392015NE800047";"0035 - FUNCIONAMENTO DAS INSTITUICOES DA RED - NO ESTADO DE SAO PAU";"Empenho";"ORIGINAL";"00.488.292/0001-53 - COMERCIAL CAMARGO IMPORTACAO E EXPORTACAO LTDA";"MG";"IFSP - CAMPUS JACAREI";"INST.FED.DE EDUC.,CIENC.E TEC.DE SAO PAULO";"Instituto Federal de Educação, Ciência e Tecnologia de São Paulo";"Ministério da Educação";"1.109,60";"3 - Outras Despesas Correntes";"30 - Material de Consumo";"90 - Aplicações Diretas";"0000 - FUNCIONAMENTO DE INSTITUICOES FEDERAIS DE EDUCACAO PROFISSIONAL E TECNOLOGICA";"0000";"12 - Educação";"363 - Ensino profissional";"20RL0035 - FUNCIONAMENTO DAS INSTITUICOES DA RED - NO ESTADO DE SAO PAU";"2031 - EDUCACAO PROFISSIONAL E TECNOLOGICA";"20RL - FUNCIONAMENTO DAS INSTITUICOES DA REDE FEDERAL DE EDUCACAO PROFISSIONAL, CIENTIFICA E TECNOLOGICA";
"06/11/2015";"158716264392015NE800048";"0035 - FUNCIONAMENTO DAS INSTITUICOES DA RED - NO ESTADO DE SAO PAU";"Empenho";"ORIGINAL";"18.625.026/0001-90 - MULTI SUPRIMENTOS EIRELI";"SP";"IFSP - CAMPUS JACAREI";"INST.FED.DE EDUC.,CIENC.E TEC.DE SAO PAULO";"Instituto Federal de Educação, Ciência e Tecnologia de São Paulo";"Ministério da Educação";"1.780,00";"3 - Outras Despesas Correntes";"30 - Material de Consumo";"90 - Aplicações Diretas";"0000 - FUNCIONAMENTO DE INSTITUICOES FEDERAIS DE EDUCACAO PROFISSIONAL E TECNOLOGICA";"0000";"12 - Educação";"363 - Ensino profissional";"20RL0035 - FUNCIONAMENTO DAS INSTITUICOES DA RED - NO ESTADO DE SAO PAU";"2031 - EDUCACAO PROFISSIONAL E TECNOLOGICA";"20RL - FUNCIONAMENTO DAS INSTITUICOES DA REDE FEDERAL DE EDUCACAO PROFISSIONAL, CIENTIFICA E TECNOLOGICA";
"06/11/2015";"158716264392015NE800049";"0035 - FUNCIONAMENTO DAS INSTITUICOES DA RED - NO ESTADO DE SAO PAU";"Empenho";"ORIGINAL";"03.391.625/0001-10 - COMPEX TECNOLOGIA LTDA";"SP";"IFSP - CAMPUS JACAREI";"INST.FED.DE EDUC.,CIENC.E TEC.DE SAO PAULO";"Instituto Federal de Educação, Ciência e Tecnologia de São Paulo";"Ministério da Educação";"335,00";"3 - Outras Despesas Correntes";"30 - Material de Consumo";"90 - Aplicações Diretas";"0000 - FUNCIONAMENTO DE INSTITUICOES FEDERAIS DE EDUCACAO PROFISSIONAL E TECNOLOGICA";"0000";"12 - Educação";"363 - Ensino profissional";"20RL0035 - FUNCIONAMENTO DAS INSTITUICOES DA RED - NO ESTADO DE SAO PAU";"2031 - EDUCACAO PROFISSIONAL E TECNOLOGICA";"20RL - FUNCIONAMENTO DAS INSTITUICOES DA REDE FEDERAL DE EDUCACAO PROFISSIONAL, CIENTIFICA E TECNOLOGICA";
"06/11/2015";"158716264392015NE800050";"0035 - FUNCIONAMENTO DAS INSTITUICOES DA RED - NO ESTADO DE SAO PAU";"Empenho";"ORIGINAL";"05.999.532/0001-06 - CONDUFIBRA DISTRIBUIDORA DE CABOS E CONECTIVIDADE LTDA";"MG";"IFSP - CAMPUS JACAREI";"INST.FED.DE EDUC.,CIENC.E TEC.DE SAO PAULO";"Instituto Federal de Educação, Ciência e Tecnologia de São Paulo";"Ministério da Educação";"2.450,00";"3 - Outras Despesas Correntes";"30 - Material de Consumo";"90 - Aplicações Diretas";"0000 - FUNCIONAMENTO DE INSTITUICOES FEDERAIS DE EDUCACAO PROFISSIONAL E TECNOLOGICA";"0000";"12 - Educação";"363 - Ensino profissional";"20RL0035 - FUNCIONAMENTO DAS INSTITUICOES DA RED - NO ESTADO DE SAO PAU";"2031 - EDUCACAO PROFISSIONAL E TECNOLOGICA";"20RL - FUNCIONAMENTO DAS INSTITUICOES DA REDE FEDERAL DE EDUCACAO PROFISSIONAL, CIENTIFICA E TECNOLOGICA";
"06/11/2015";"158716264392015NE800051";"0035 - FUNCIONAMENTO DAS INSTITUICOES DA RED - NO ESTADO DE SAO PAU";"Empenho";"ORIGINAL";"10.828.286/0001-51 - PHD COMERCIO E LICITACOES LTDA";"SP";"IFSP - CAMPUS JACAREI";"INST.FED.DE EDUC.,CIENC.E TEC.DE SAO PAULO";"Instituto Federal de Educação, Ciência e Tecnologia de São Paulo";"Ministério da Educação";"196,00";"3 - Outras Despesas Correntes";"30 - Material de Consumo";"90 - Aplicações Diretas";"0000 - FUNCIONAMENTO DE INSTITUICOES FEDERAIS DE EDUCACAO PROFISSIONAL E TECNOLOGICA";"0000";"12 - Educação";"363 - Ensino profissional";"20RL0035 - FUNCIONAMENTO DAS INSTITUICOES DA RED - NO ESTADO DE SAO PAU";"2031 - EDUCACAO PROFISSIONAL E TECNOLOGICA";"20RL - FUNCIONAMENTO DAS INSTITUICOES DA REDE FEDERAL DE EDUCACAO PROFISSIONAL, CIENTIFICA E TECNOLOGICA";
"06/11/2015";"158716264392015NE800052";"0035 - FUNCIONAMENTO DAS INSTITUICOES DA RED - NO ESTADO DE SAO PAU";"Empenho";"ORIGINAL";"13.831.145/0001-86 - ABAPAN EQUIPAMENTOS LTDA.";"PR";"IFSP - CAMPUS JACAREI";"INST.FED.DE EDUC.,CIENC.E TEC.DE SAO PAULO";"Instituto Federal de Educação, Ciência e Tecnologia de São Paulo";"Ministério da Educação";"2.871,00";"3 - Outras Despesas Correntes";"30 - Material de Consumo";"90 - Aplicações Diretas";"0000 - FUNCIONAMENTO DE INSTITUICOES FEDERAIS DE EDUCACAO PROFISSIONAL E TECNOLOGICA";"0000";"12 - Educação";"363 - Ensino profissional";"20RL0035 - FUNCIONAMENTO DAS INSTITUICOES DA RED - NO ESTADO DE SAO PAU";"2031 - EDUCACAO PROFISSIONAL E TECNOLOGICA";"20RL - FUNCIONAMENTO DAS INSTITUICOES DA REDE FEDERAL DE EDUCACAO PROFISSIONAL, CIENTIFICA E TECNOLOGICA";
"06/11/2015";"158716264392015NE800053";"0035 - FUNCIONAMENTO DAS INSTITUICOES DA RED - NO ESTADO DE SAO PAU";"Empenho";"ORIGINAL";"16.866.828/0001-67 - H L P COMERCIO ELETRO FONIA LTDA";"RJ";"IFSP - CAMPUS JACAREI";"INST.FED.DE EDUC.,CIENC.E TEC.DE SAO PAULO";"Instituto Federal de Educação, Ciência e Tecnologia de São Paulo";"Ministério da Educação";"889,86";"3 - Outras Despesas Correntes";"30 - Material de Consumo";"90 - Aplicações Diretas";"0000 - FUNCIONAMENTO DE INSTITUICOES FEDERAIS DE EDUCACAO PROFISSIONAL E TECNOLOGICA";"0000";"12 - Educação";"363 - Ensino profissional";"20RL0035 - FUNCIONAMENTO DAS INSTITUICOES DA RED - NO ESTADO DE SAO PAU";"2031 - EDUCACAO PROFISSIONAL E TECNOLOGICA";"20RL - FUNCIONAMENTO DAS INSTITUICOES DA REDE FEDERAL DE EDUCACAO PROFISSIONAL, CIENTIFICA E TECNOLOGICA";
"06/11/2015";"158716264392015NE800054";"0035 - FUNCIONAMENTO DAS INSTITUICOES DA RED - NO ESTADO DE SAO PAU";"Empenho";"ORIGINAL";"15.237.862/0001-00 - INTERHUB INDUSTRIA E COMERCIO LTDA";"PR";"IFSP - CAMPUS JACAREI";"INST.FED.DE EDUC.,CIENC.E TEC.DE SAO PAULO";"Instituto Federal de Educação, Ciência e Tecnologia de São Paulo";"Ministério da Educação";"583,84";"3 - Outras Despesas Correntes";"30 - Material de Consumo";"90 - Aplicações Diretas";"0000 - FUNCIONAMENTO DE INSTITUICOES FEDERAIS DE EDUCACAO PROFISSIONAL E TECNOLOGICA";"0000";"12 - Educação";"363 - Ensino profissional";"20RL0035 - FUNCIONAMENTO DAS INSTITUICOES DA RED - NO ESTADO DE SAO PAU";"2031 - EDUCACAO PROFISSIONAL E TECNOLOGICA";"20RL - FUNCIONAMENTO DAS INSTITUICOES DA REDE FEDERAL DE EDUCACAO PROFISSIONAL, CIENTIFICA E TECNOLOGICA";
"06/11/2015";"158716264392015NE800055";"0035 - FUNCIONAMENTO DAS INSTITUICOES DA RED - NO ESTADO DE SAO PAU";"Empenho";"ORIGINAL";"10.190.265/0001-53 - JVS COMERCIO E SERVICOS DE INFORMATICA LTDA";"DF";"IFSP - CAMPUS JACAREI";"INST.FED.DE EDUC.,CIENC.E TEC.DE SAO PAULO";"Instituto Federal de Educação, Ciência e Tecnologia de São Paulo";"Ministério da Educação";"264,22";"3 - Outras Despesas Correntes";"30 - Material de Consumo";"90 - Aplicações Diretas";"0000 - FUNCIONAMENTO DE INSTITUICOES FEDERAIS DE EDUCACAO PROFISSIONAL E TECNOLOGICA";"0000";"12 - Educação";"363 - Ensino profissional";"20RL0035 - FUNCIONAMENTO DAS INSTITUICOES DA RED - NO ESTADO DE SAO PAU";"2031 - EDUCACAO PROFISSIONAL E TECNOLOGICA";"20RL - FUNCIONAMENTO DAS INSTITUICOES DA REDE FEDERAL DE EDUCACAO PROFISSIONAL, CIENTIFICA E TECNOLOGICA";
"06/11/2015";"158716264392015NE800056";"0035 - FUNCIONAMENTO DAS INSTITUICOES DA RED - NO ESTADO DE SAO PAU";"Empenho";"ORIGINAL";"04.567.265/0001-27 - SCORPION INFORMATICA LTDA";"PR";"IFSP - CAMPUS JACAREI";"INST.FED.DE EDUC.,CIENC.E TEC.DE SAO PAULO";"Instituto Federal de Educação, Ciência e Tecnologia de São Paulo";"Ministério da Educação";"767,82";"3 - Outras Despesas Correntes";"30 - Material de Consumo";"90 - Aplicações Diretas";"0000 - FUNCIONAMENTO DE INSTITUICOES FEDERAIS DE EDUCACAO PROFISSIONAL E TECNOLOGICA";"0000";"12 - Educação";"363 - Ensino profissional";"20RL0035 - FUNCIONAMENTO DAS INSTITUICOES DA RED - NO ESTADO DE SAO PAU";"2031 - EDUCACAO PROFISSIONAL E TECNOLOGICA";"20RL - FUNCIONAMENTO DAS INSTITUICOES DA REDE FEDERAL DE EDUCACAO PROFISSIONAL, CIENTIFICA E TECNOLOGICA";
"06/11/2015";"158716264392015NE800057";"0035 - FUNCIONAMENTO DAS INSTITUICOES DA RED - NO ESTADO DE SAO PAU";"Empenho";"ORIGINAL";"11.420.095/0001-19 - STAR NETWORKS COMERCIO ELETRO ELETRONICOS LTDA";"RJ";"IFSP - CAMPUS JACAREI";"INST.FED.DE EDUC.,CIENC.E TEC.DE SAO PAULO";"Instituto Federal de Educação, Ciência e Tecnologia de São Paulo";"Ministério da Educação";"500,00";"3 - Outras Despesas Correntes";"30 - Material de Consumo";"90 - Aplicações Diretas";"0000 - FUNCIONAMENTO DE INSTITUICOES FEDERAIS DE EDUCACAO PROFISSIONAL E TECNOLOGICA";"0000";"12 - Educação";"363 - Ensino profissional";"20RL0035 - FUNCIONAMENTO DAS INSTITUICOES DA RED - NO ESTADO DE SAO PAU";"2031 - EDUCACAO PROFISSIONAL E TECNOLOGICA";"20RL - FUNCIONAMENTO DAS INSTITUICOES DA REDE FEDERAL DE EDUCACAO PROFISSIONAL, CIENTIFICA E TECNOLOGICA";
"06/11/2015";"158716264392015NE800058";"0035 - FUNCIONAMENTO DAS INSTITUICOES DA RED - NO ESTADO DE SAO PAU";"Empenho";"ORIGINAL";"15.135.210/0001-64 - TECPARTS IMPORTACAO E DISTRIBUICAO DE PECAS LTDA";"PR";"IFSP - CAMPUS JACAREI";"INST.FED.DE EDUC.,CIENC.E TEC.DE SAO PAULO";"Instituto Federal de Educação, Ciência e Tecnologia de São Paulo";"Ministério da Educação";"5.670,00";"3 - Outras Despesas Correntes";"30 - Material de Consumo";"90 - Aplicações Diretas";"0000 - FUNCIONAMENTO DE INSTITUICOES FEDERAIS DE EDUCACAO PROFISSIONAL E TECNOLOGICA";"0000";"12 - Educação";"363 - Ensino profissional";"20RL0035 - FUNCIONAMENTO DAS INSTITUICOES DA RED - NO ESTADO DE SAO PAU";"2031 - EDUCACAO PROFISSIONAL E TECNOLOGICA";"20RL - FUNCIONAMENTO DAS INSTITUICOES DA REDE FEDERAL DE EDUCACAO PROFISSIONAL, CIENTIFICA E TECNOLOGICA";
"06/11/2015";"158716264392015NE800059";"0035 - FUNCIONAMENTO DAS INSTITUICOES DA RED - NO ESTADO DE SAO PAU";"Empenho";"ORIGINAL";"15.292.256/0001-97 - WA MATERIAL ELETRICO EIRELI";"PR";"IFSP - CAMPUS JACAREI";"INST.FED.DE EDUC.,CIENC.E TEC.DE SAO PAULO";"Instituto Federal de Educação, Ciência e Tecnologia de São Paulo";"Ministério da Educação";"1.759,89";"3 - Outras Despesas Correntes";"30 - Material de Consumo";"90 - Aplicações Diretas";"0000 - FUNCIONAMENTO DE INSTITUICOES FEDERAIS DE EDUCACAO PROFISSIONAL E TECNOLOGICA";"0000";"12 - Educação";"363 - Ensino profissional";"20RL0035 - FUNCIONAMENTO DAS INSTITUICOES DA RED - NO ESTADO DE SAO PAU";"2031 - EDUCACAO PROFISSIONAL E TECNOLOGICA";"20RL - FUNCIONAMENTO DAS INSTITUICOES DA REDE FEDERAL DE EDUCACAO PROFISSIONAL, CIENTIFICA E TECNOLOGICA";
"09/11/2015";"158716264392015NE800060";"0035 - FUNCIONAMENTO DAS INSTITUICOES DA RED - NO ESTADO DE SAO PAU";"Empenho";"ORIGINAL";"18.625.026/0001-90 - MULTI SUPRIMENTOS EIRELI";"SP";"IFSP - CAMPUS JACAREI";"INST.FED.DE EDUC.,CIENC.E TEC.DE SAO PAULO";"Instituto Federal de Educação, Ciência e Tecnologia de São Paulo";"Ministério da Educação";"19.580,00";"3 - Outras Despesas Correntes";"30 - Material de Consumo";"90 - Aplicações Diretas";"0000 - FUNCIONAMENTO DE INSTITUICOES FEDERAIS DE EDUCACAO PROFISSIONAL E TECNOLOGICA";"0000";"12 - Educação";"363 - Ensino profissional";"20RL0035 - FUNCIONAMENTO DAS INSTITUICOES DA RED - NO ESTADO DE SAO PAU";"2031 - EDUCACAO PROFISSIONAL E TECNOLOGICA";"20RL - FUNCIONAMENTO DAS INSTITUICOES DA REDE FEDERAL DE EDUCACAO PROFISSIONAL, CIENTIFICA E TECNOLOGICA";
"10/11/2015";"158716264392015NE000033";"0035 - FUNCIONAMENTO DAS INSTITUICOES DA RED - NO ESTADO DE SAO PAU";"Empenho";"REFORÇO";"158716 - IFSP - CAMPUS JACAREI";"SP";"IFSP - CAMPUS JACAREI";"INST.FED.DE EDUC.,CIENC.E TEC.DE SAO PAULO";"Instituto Federal de Educação, Ciência e Tecnologia de São Paulo";"Ministério da Educação";"637,20";"3 - Outras Despesas Correntes";"14 - Diárias - Civil";"90 - Aplicações Diretas";"0000 - FUNCIONAMENTO DE INSTITUICOES FEDERAIS DE EDUCACAO PROFISSIONAL E TECNOLOGICA";"0000";"12 - Educação";"363 - Ensino profissional";"20RL0035 - FUNCIONAMENTO DAS INSTITUICOES DA RED - NO ESTADO DE SAO PAU";"2031 - EDUCACAO PROFISSIONAL E TECNOLOGICA";"20RL - FUNCIONAMENTO DAS INSTITUICOES DA REDE FEDERAL DE EDUCACAO PROFISSIONAL, CIENTIFICA E TECNOLOGICA";
"10/11/2015";"158716264392015NE800061";"0035 - FUNCIONAMENTO DAS INSTITUICOES DA RED - NO ESTADO DE SAO PAU";"Empenho";"ORIGINAL";"23.070.103/0001-23 - COPELLI SERVICOS ELETRONICOS E DISTRIBUIDORA DE LIVROS LTDA";"RJ";"IFSP - CAMPUS JACAREI";"INST.FED.DE EDUC.,CIENC.E TEC.DE SAO PAULO";"Instituto Federal de Educação, Ciência e Tecnologia de São Paulo";"Ministério da Educação";"337,14";"4 - Investimentos";"52 - Equipamentos e Material Permanente";"90 - Aplicações Diretas";"0000 - FUNCIONAMENTO DE INSTITUICOES FEDERAIS DE EDUCACAO PROFISSIONAL E TECNOLOGICA";"0000";"12 - Educação";"363 - Ensino profissional";"20RL0035 - FUNCIONAMENTO DAS INSTITUICOES DA RED - NO ESTADO DE SAO PAU";"2031 - EDUCACAO PROFISSIONAL E TECNOLOGICA";"20RL - FUNCIONAMENTO DAS INSTITUICOES DA REDE FEDERAL DE EDUCACAO PROFISSIONAL, CIENTIFICA E TECNOLOGICA";
"10/11/2015";"158716264392015NE800062";"0035 - FUNCIONAMENTO DAS INSTITUICOES DA RED - NO ESTADO DE SAO PAU";"Empenho";"ORIGINAL";"94.062.288/0001-72 - LETRAL COMERCIO DE PAPEIS MATERIAL ESCOLAR LTDA";"RS";"IFSP - CAMPUS JACAREI";"INST.FED.DE EDUC.,CIENC.E TEC.DE SAO PAULO";"Instituto Federal de Educação, Ciência e Tecnologia de São Paulo";"Ministério da Educação";"27.681,36";"4 - Investimentos";"52 - Equipamentos e Material Permanente";"90 - Aplicações Diretas";"0000 - FUNCIONAMENTO DE INSTITUICOES FEDERAIS DE EDUCACAO PROFISSIONAL E TECNOLOGICA";"0000";"12 - Educação";"363 - Ensino profissional";"20RL0035 - FUNCIONAMENTO DAS INSTITUICOES DA RED - NO ESTADO DE SAO PAU";"2031 - EDUCACAO PROFISSIONAL E TECNOLOGICA";"20RL - FUNCIONAMENTO DAS INSTITUICOES DA REDE FEDERAL DE EDUCACAO PROFISSIONAL, CIENTIFICA E TECNOLOGICA";
"10/11/2015";"158716264392015NE800063";"0035 - FUNCIONAMENTO DAS INSTITUICOES DA RED - NO ESTADO DE SAO PAU";"Empenho";"ORIGINAL";"11.116.850/0001-76 - BASTOS COMERCIO DE LIVROS LTDA";"PR";"IFSP - CAMPUS JACAREI";"INST.FED.DE EDUC.,CIENC.E TEC.DE SAO PAULO";"Instituto Federal de Educação, Ciência e Tecnologia de São Paulo";"Ministério da Educação";"29.679,31";"4 - Investimentos";"52 - Equipamentos e Material Permanente";"90 - Aplicações Diretas";"0000 - FUNCIONAMENTO DE INSTITUICOES FEDERAIS DE EDUCACAO PROFISSIONAL E TECNOLOGICA";"0000";"12 - Educação";"363 - Ensino profissional";"20RL0035 - FUNCIONAMENTO DAS INSTITUICOES DA RED - NO ESTADO DE SAO PAU";"2031 - EDUCACAO PROFISSIONAL E TECNOLOGICA";"20RL - FUNCIONAMENTO DAS INSTITUICOES DA REDE FEDERAL DE EDUCACAO PROFISSIONAL, CIENTIFICA E TECNOLOGICA";
"10/11/2015";"158716264392015NE800064";"0035 - FUNCIONAMENTO DAS INSTITUICOES DA RED - NO ESTADO DE SAO PAU";"Empenho";"ORIGINAL";"18.704.019/0001-84 - CORUJET EDITORA, IMPORTACAO, EXPORTACAO E REPRESENTANTE COMERCIAL LTDA";"SP";"IFSP - CAMPUS JACAREI";"INST.FED.DE EDUC.,CIENC.E TEC.DE SAO PAULO";"Instituto Federal de Educação, Ciência e Tecnologia de São Paulo";"Ministério da Educação";"26.550,03";"4 - Investimentos";"52 - Equipamentos e Material Permanente";"90 - Aplicações Diretas";"0000 - FUNCIONAMENTO DE INSTITUICOES FEDERAIS DE EDUCACAO PROFISSIONAL E TECNOLOGICA";"0000";"12 - Educação";"363 - Ensino profissional";"20RL0035 - FUNCIONAMENTO DAS INSTITUICOES DA RED - NO ESTADO DE SAO PAU";"2031 - EDUCACAO PROFISSIONAL E TECNOLOGICA";"20RL - FUNCIONAMENTO DAS INSTITUICOES DA REDE FEDERAL DE EDUCACAO PROFISSIONAL, CIENTIFICA E TECNOLOGICA";
"17/12/2015";"158716264392015NE000034";"0035 - ASSISTENCIA AOS ESTUDANTES DA REDE FE - NO ESTADO DE SAO PAU";"Empenho";"ANULAÇÃO";"158716 - IFSP - CAMPUS JACAREI";"SP";"IFSP - CAMPUS JACAREI";"INST.FED.DE EDUC.,CIENC.E TEC.DE SAO PAULO";"Instituto Federal de Educação, Ciência e Tecnologia de São Paulo";"Ministério da Educação";"186,00";"3 - Outras Despesas Correntes";"18 - Auxílio Financeiro a Estudantes";"90 - Aplicações Diretas";"0000 - ASSISTENCIA AO ESTUDANTE DA EDUCACAO PROFISSIONAL E TECNOLOGICA";"0000";"12 - Educação";"363 - Ensino profissional";"29940035 - ASSISTENCIA AOS ESTUDANTES DA REDE FE - NO ESTADO DE SAO PAU";"2031 - EDUCACAO PROFISSIONAL E TECNOLOGICA";"2994 - ASSISTENCIA AOS ESTUDANTES DA REDE FEDERAL DE EDUCACAO PROFISSIONAL, CIENTIFICA E TECNOLOGICA";
"17/12/2015";"158716264392015NE000035";"0035 - ASSISTENCIA AOS ESTUDANTES DA REDE FE - NO ESTADO DE SAO PAU";"Empenho";"REFORÇO";"158716 - IFSP - CAMPUS JACAREI";"SP";"IFSP - CAMPUS JACAREI";"INST.FED.DE EDUC.,CIENC.E TEC.DE SAO PAULO";"Instituto Federal de Educação, Ciência e Tecnologia de São Paulo";"Ministério da Educação";"139,00";"3 - Outras Despesas Correntes";"18 - Auxílio Financeiro a Estudantes";"90 - Aplicações Diretas";"0000 - ASSISTENCIA AO ESTUDANTE DA EDUCACAO PROFISSIONAL E TECNOLOGICA";"0000";"12 - Educação";"363 - Ensino profissional";"29940035 - ASSISTENCIA AOS ESTUDANTES DA REDE FE - NO ESTADO DE SAO PAU";"2031 - EDUCACAO PROFISSIONAL E TECNOLOGICA";"2994 - ASSISTENCIA AOS ESTUDANTES DA REDE FEDERAL DE EDUCACAO PROFISSIONAL, CIENTIFICA E TECNOLOGICA";
"17/12/2015";"158716264392015NE000036";"0035 - FUNCIONAMENTO DAS INSTITUICOES DA RED - NO ESTADO DE SAO PAU";"Empenho";"ANULAÇÃO";"158716 - IFSP - CAMPUS JACAREI";"SP";"IFSP - CAMPUS JACAREI";"INST.FED.DE EDUC.,CIENC.E TEC.DE SAO PAULO";"Instituto Federal de Educação, Ciência e Tecnologia de São Paulo";"Ministério da Educação";"1.374,70";"3 - Outras Despesas Correntes";"36 - Outros Serviços de Terceiros - Pessoa Física";"90 - Aplicações Diretas";"0000 - FUNCIONAMENTO DE INSTITUICOES FEDERAIS DE EDUCACAO PROFISSIONAL E TECNOLOGICA";"0000";"12 - Educação";"363 - Ensino profissional";"20RL0035 - FUNCIONAMENTO DAS INSTITUICOES DA RED - NO ESTADO DE SAO PAU";"2031 - EDUCACAO PROFISSIONAL E TECNOLOGICA";"20RL - FUNCIONAMENTO DAS INSTITUICOES DA REDE FEDERAL DE EDUCACAO PROFISSIONAL, CIENTIFICA E TECNOLOGICA";
"17/12/2015";"158716264392015NE000037";"0035 - FUNCIONAMENTO DAS INSTITUICOES DA RED - NO ESTADO DE SAO PAU";"Empenho";"ANULAÇÃO";"158716 - IFSP - CAMPUS JACAREI";"SP";"IFSP - CAMPUS JACAREI";"INST.FED.DE EDUC.,CIENC.E TEC.DE SAO PAULO";"Instituto Federal de Educação, Ciência e Tecnologia de São Paulo";"Ministério da Educação";"1.294,97";"3 - Outras Despesas Correntes";"36 - Outros Serviços de Terceiros - Pessoa Física";"90 - Aplicações Diretas";"0000 - FUNCIONAMENTO DE INSTITUICOES FEDERAIS DE EDUCACAO PROFISSIONAL E TECNOLOGICA";"0000";"12 - Educação";"363 - Ensino profissional";"20RL0035 - FUNCIONAMENTO DAS INSTITUICOES DA RED - NO ESTADO DE SAO PAU";"2031 - EDUCACAO PROFISSIONAL E TECNOLOGICA";"20RL - FUNCIONAMENTO DAS INSTITUICOES DA REDE FEDERAL DE EDUCACAO PROFISSIONAL, CIENTIFICA E TECNOLOGICA";
"17/12/2015";"158716264392015NE000038";"0035 - FUNCIONAMENTO DAS INSTITUICOES DA RED - NO ESTADO DE SAO PAU";"Empenho";"ANULAÇÃO";"158716 - IFSP - CAMPUS JACAREI";"SP";"IFSP - CAMPUS JACAREI";"INST.FED.DE EDUC.,CIENC.E TEC.DE SAO PAULO";"Instituto Federal de Educação, Ciência e Tecnologia de São Paulo";"Ministério da Educação";"5.642,00";"3 - Outras Despesas Correntes";"36 - Outros Serviços de Terceiros - Pessoa Física";"90 - Aplicações Diretas";"0000 - FUNCIONAMENTO DE INSTITUICOES FEDERAIS DE EDUCACAO PROFISSIONAL E TECNOLOGICA";"0000";"12 - Educação";"363 - Ensino profissional";"20RL0035 - FUNCIONAMENTO DAS INSTITUICOES DA RED - NO ESTADO DE SAO PAU";"2031 - EDUCACAO PROFISSIONAL E TECNOLOGICA";"20RL - FUNCIONAMENTO DAS INSTITUICOES DA REDE FEDERAL DE EDUCACAO PROFISSIONAL, CIENTIFICA E TECNOLOGICA";
"17/12/2015";"158716264392015NE000039";"0035 - FUNCIONAMENTO DAS INSTITUICOES DA RED - NO ESTADO DE SAO PAU";"Empenho";"ANULAÇÃO";"158716 - IFSP - CAMPUS JACAREI";"SP";"IFSP - CAMPUS JACAREI";"INST.FED.DE EDUC.,CIENC.E TEC.DE SAO PAULO";"Instituto Federal de Educação, Ciência e Tecnologia de São Paulo";"Ministério da Educação";"10,00";"3 - Outras Despesas Correntes";"18 - Auxílio Financeiro a Estudantes";"90 - Aplicações Diretas";"0000 - FUNCIONAMENTO DE INSTITUICOES FEDERAIS DE EDUCACAO PROFISSIONAL E TECNOLOGICA";"0000";"12 - Educação";"363 - Ensino profissional";"20RL0035 - FUNCIONAMENTO DAS INSTITUICOES DA RED - NO ESTADO DE SAO PAU";"2031 - EDUCACAO PROFISSIONAL E TECNOLOGICA";"20RL - FUNCIONAMENTO DAS INSTITUICOES DA REDE FEDERAL DE EDUCACAO PROFISSIONAL, CIENTIFICA E TECNOLOGICA";
"18/12/2015";"158716264392015NE000040";"0035 - FUNCIONAMENTO DAS INSTITUICOES DA RED - NO ESTADO DE SAO PAU";"Empenho";"ANULAÇÃO";"158716 - IFSP - CAMPUS JACAREI";"SP";"IFSP - CAMPUS JACAREI";"INST.FED.DE EDUC.,CIENC.E TEC.DE SAO PAULO";"Instituto Federal de Educação, Ciência e Tecnologia de São Paulo";"Ministério da Educação";"153,83";"3 - Outras Despesas Correntes";"18 - Auxílio Financeiro a Estudantes";"90 - Aplicações Diretas";"0000 - FUNCIONAMENTO DE INSTITUICOES FEDERAIS DE EDUCACAO PROFISSIONAL E TECNOLOGICA";"0000";"12 - Educação";"363 - Ensino profissional";"20RL0035 - FUNCIONAMENTO DAS INSTITUICOES DA RED - NO ESTADO DE SAO PAU";"2031 - EDUCACAO PROFISSIONAL E TECNOLOGICA";"20RL - FUNCIONAMENTO DAS INSTITUICOES DA REDE FEDERAL DE EDUCACAO PROFISSIONAL, CIENTIFICA E TECNOLOGICA";
"18/12/2015";"158716264392015NE000041";"0035 - FUNCIONAMENTO DAS INSTITUICOES DA RED - NO ESTADO DE SAO PAU";"Empenho";"ANULAÇÃO";"158716 - IFSP - CAMPUS JACAREI";"SP";"IFSP - CAMPUS JACAREI";"INST.FED.DE EDUC.,CIENC.E TEC.DE SAO PAULO";"Instituto Federal de Educação, Ciência e Tecnologia de São Paulo";"Ministério da Educação";"11.112,33";"3 - Outras Despesas Correntes";"14 - Diárias - Civil";"90 - Aplicações Diretas";"0000 - FUNCIONAMENTO DE INSTITUICOES FEDERAIS DE EDUCACAO PROFISSIONAL E TECNOLOGICA";"0000";"12 - Educação";"363 - Ensino profissional";"20RL0035 - FUNCIONAMENTO DAS INSTITUICOES DA RED - NO ESTADO DE SAO PAU";"2031 - EDUCACAO PROFISSIONAL E TECNOLOGICA";"20RL - FUNCIONAMENTO DAS INSTITUICOES DA REDE FEDERAL DE EDUCACAO PROFISSIONAL, CIENTIFICA E TECNOLOGICA";
"18/12/2015";"158716264392015NE800065";"0035 - FUNCIONAMENTO DAS INSTITUICOES DA RED - NO ESTADO DE SAO PAU";"Empenho";"ORIGINAL";"06.910.908/0001-19 - J BRILHANTE COMERCIAL LTDA";"SP";"IFSP - CAMPUS JACAREI";"INST.FED.DE EDUC.,CIENC.E TEC.DE SAO PAULO";"Instituto Federal de Educação, Ciência e Tecnologia de São Paulo";"Ministério da Educação";"935,25";"3 - Outras Despesas Correntes";"30 - Material de Consumo";"90 - Aplicações Diretas";"0000 - FUNCIONAMENTO DE INSTITUICOES FEDERAIS DE EDUCACAO PROFISSIONAL E TECNOLOGICA";"0000";"12 - Educação";"363 - Ensino profissional";"20RL0035 - FUNCIONAMENTO DAS INSTITUICOES DA RED - NO ESTADO DE SAO PAU";"2031 - EDUCACAO PROFISSIONAL E TECNOLOGICA";"20RL - FUNCIONAMENTO DAS INSTITUICOES DA REDE FEDERAL DE EDUCACAO PROFISSIONAL, CIENTIFICA E TECNOLOGICA";
"18/12/2015";"158716264392015NE800066";"0035 - FUNCIONAMENTO DAS INSTITUICOES DA RED - NO ESTADO DE SAO PAU";"Empenho";"ORIGINAL";"07.779.095/0001-32 - MARKA SERVICOS E COMERCIO EIRELI";"SP";"IFSP - CAMPUS JACAREI";"INST.FED.DE EDUC.,CIENC.E TEC.DE SAO PAULO";"Instituto Federal de Educação, Ciência e Tecnologia de São Paulo";"Ministério da Educação";"7.407,18";"3 - Outras Despesas Correntes";"30 - Material de Consumo";"90 - Aplicações Diretas";"0000 - FUNCIONAMENTO DE INSTITUICOES FEDERAIS DE EDUCACAO PROFISSIONAL E TECNOLOGICA";"0000";"12 - Educação";"363 - Ensino profissional";"20RL0035 - FUNCIONAMENTO DAS INSTITUICOES DA RED - NO ESTADO DE SAO PAU";"2031 - EDUCACAO PROFISSIONAL E TECNOLOGICA";"20RL - FUNCIONAMENTO DAS INSTITUICOES DA REDE FEDERAL DE EDUCACAO PROFISSIONAL, CIENTIFICA E TECNOLOGICA";
"18/12/2015";"158716264392015NE800067";"0035 - FUNCIONAMENTO DAS INSTITUICOES DA RED - NO ESTADO DE SAO PAU";"Empenho";"ORIGINAL";"39.818.737/0001-51 - HORTO CENTRAL MARATAIZES LTDA";"ES";"IFSP - CAMPUS JACAREI";"INST.FED.DE EDUC.,CIENC.E TEC.DE SAO PAULO";"Instituto Federal de Educação, Ciência e Tecnologia de São Paulo";"Ministério da Educação";"826,50";"3 - Outras Despesas Correntes";"30 - Material de Consumo";"90 - Aplicações Diretas";"0000 - FUNCIONAMENTO DE INSTITUICOES FEDERAIS DE EDUCACAO PROFISSIONAL E TECNOLOGICA";"0000";"12 - Educação";"363 - Ensino profissional";"20RL0035 - FUNCIONAMENTO DAS INSTITUICOES DA RED - NO ESTADO DE SAO PAU";"2031 - EDUCACAO PROFISSIONAL E TECNOLOGICA";"20RL - FUNCIONAMENTO DAS INSTITUICOES DA REDE FEDERAL DE EDUCACAO PROFISSIONAL, CIENTIFICA E TECNOLOGICA";
"18/12/2015";"158716264392015NE800068";"0035 - FUNCIONAMENTO DAS INSTITUICOES DA RED - NO ESTADO DE SAO PAU";"Empenho";"ORIGINAL";"82.330.937/0001-90 - TREZE COMERCIAL LTDA";"PR";"IFSP - CAMPUS JACAREI";"INST.FED.DE EDUC.,CIENC.E TEC.DE SAO PAULO";"Instituto Federal de Educação, Ciência e Tecnologia de São Paulo";"Ministério da Educação";"4.993,80";"3 - Outras Despesas Correntes";"30 - Material de Consumo";"90 - Aplicações Diretas";"0000 - FUNCIONAMENTO DE INSTITUICOES FEDERAIS DE EDUCACAO PROFISSIONAL E TECNOLOGICA";"0000";"12 - Educação";"363 - Ensino profissional";"20RL0035 - FUNCIONAMENTO DAS INSTITUICOES DA RED - NO ESTADO DE SAO PAU";"2031 - EDUCACAO PROFISSIONAL E TECNOLOGICA";"20RL - FUNCIONAMENTO DAS INSTITUICOES DA REDE FEDERAL DE EDUCACAO PROFISSIONAL, CIENTIFICA E TECNOLOGICA";
"18/12/2015";"158716264392015NE800069";"0035 - FUNCIONAMENTO DAS INSTITUICOES DA RED - NO ESTADO DE SAO PAU";"Empenho";"ANULAÇÃO";"48.962.625/0001-60 - SAAE SERVICO AUTONOMO DE AGUA E ESGOTO DE JACAREI";"SP";"IFSP - CAMPUS JACAREI";"INST.FED.DE EDUC.,CIENC.E TEC.DE SAO PAULO";"Instituto Federal de Educação, Ciência e Tecnologia de São Paulo";"Ministério da Educação";"2.495,08";"3 - Outras Despesas Correntes";"39 - Outros Serviços de Terceiros - Pessoa Jurídica";"90 - Aplicações Diretas";"0000 - FUNCIONAMENTO DE INSTITUICOES FEDERAIS DE EDUCACAO PROFISSIONAL E TECNOLOGICA";"0000";"12 - Educação";"363 - Ensino profissional";"20RL0035 - FUNCIONAMENTO DAS INSTITUICOES DA RED - NO ESTADO DE SAO PAU";"2031 - EDUCACAO PROFISSIONAL E TECNOLOGICA";"20RL - FUNCIONAMENTO DAS INSTITUICOES DA REDE FEDERAL DE EDUCACAO PROFISSIONAL, CIENTIFICA E TECNOLOGICA";
"18/12/2015";"158716264392015NE800070";"0035 - FUNCIONAMENTO DAS INSTITUICOES DA RED - NO ESTADO DE SAO PAU";"Empenho";"REFORÇO";"02.302.100/0001-06 - EDP SAO PAULO DISTRIBUICAO DE ENERGIA S.A.";"SP";"IFSP - CAMPUS JACAREI";"INST.FED.DE EDUC.,CIENC.E TEC.DE SAO PAULO";"Instituto Federal de Educação, Ciência e Tecnologia de São Paulo";"Ministério da Educação";"2.518,60";"3 - Outras Despesas Correntes";"39 - Outros Serviços de Terceiros - Pessoa Jurídica";"90 - Aplicações Diretas";"0000 - FUNCIONAMENTO DE INSTITUICOES FEDERAIS DE EDUCACAO PROFISSIONAL E TECNOLOGICA";"0000";"12 - Educação";"363 - Ensino profissional";"20RL0035 - FUNCIONAMENTO DAS INSTITUICOES DA RED - NO ESTADO DE SAO PAU";"2031 - EDUCACAO PROFISSIONAL E TECNOLOGICA";"20RL - FUNCIONAMENTO DAS INSTITUICOES DA REDE FEDERAL DE EDUCACAO PROFISSIONAL, CIENTIFICA E TECNOLOGICA";
"23/12/2015";"158716264392015NE800071";"0035 - FUNCIONAMENTO DAS INSTITUICOES DA RED - NO ESTADO DE SAO PAU";"Empenho";"ORIGINAL";"06.910.908/0001-19 - J BRILHANTE COMERCIAL LTDA";"SP";"IFSP - CAMPUS JACAREI";"INST.FED.DE EDUC.,CIENC.E TEC.DE SAO PAULO";"Instituto Federal de Educação, Ciência e Tecnologia de São Paulo";"Ministério da Educação";"935,25";"3 - Outras Despesas Correntes";"30 - Material de Consumo";"90 - Aplicações Diretas";"0000 - FUNCIONAMENTO DE INSTITUICOES FEDERAIS DE EDUCACAO PROFISSIONAL E TECNOLOGICA";"0000";"12 - Educação";"363 - Ensino profissional";"20RL0035 - FUNCIONAMENTO DAS INSTITUICOES DA RED - NO ESTADO DE SAO PAU";"2031 - EDUCACAO PROFISSIONAL E TECNOLOGICA";"20RL - FUNCIONAMENTO DAS INSTITUICOES DA REDE FEDERAL DE EDUCACAO PROFISSIONAL, CIENTIFICA E TECNOLOGICA";
"23/12/2015";"158716264392015NE800072";"0035 - FUNCIONAMENTO DAS INSTITUICOES DA RED - NO ESTADO DE SAO PAU";"Empenho";"ORIGINAL";"07.779.095/0001-32 - MARKA SERVICOS E COMERCIO EIRELI";"SP";"IFSP - CAMPUS JACAREI";"INST.FED.DE EDUC.,CIENC.E TEC.DE SAO PAULO";"Instituto Federal de Educação, Ciência e Tecnologia de São Paulo";"Ministério da Educação";"7.407,18";"3 - Outras Despesas Correntes";"30 - Material de Consumo";"90 - Aplicações Diretas";"0000 - FUNCIONAMENTO DE INSTITUICOES FEDERAIS DE EDUCACAO PROFISSIONAL E TECNOLOGICA";"0000";"12 - Educação";"363 - Ensino profissional";"20RL0035 - FUNCIONAMENTO DAS INSTITUICOES DA RED - NO ESTADO DE SAO PAU";"2031 - EDUCACAO PROFISSIONAL E TECNOLOGICA";"20RL - FUNCIONAMENTO DAS INSTITUICOES DA REDE FEDERAL DE EDUCACAO PROFISSIONAL, CIENTIFICA E TECNOLOGICA";
"23/12/2015";"158716264392015NE800073";"0035 - FUNCIONAMENTO DAS INSTITUICOES DA RED - NO ESTADO DE SAO PAU";"Empenho";"ORIGINAL";"39.818.737/0001-51 - HORTO CENTRAL MARATAIZES LTDA";"ES";"IFSP - CAMPUS JACAREI";"INST.FED.DE EDUC.,CIENC.E TEC.DE SAO PAULO";"Instituto Federal de Educação, Ciência e Tecnologia de São Paulo";"Ministério da Educação";"826,50";"3 - Outras Despesas Correntes";"30 - Material de Consumo";"90 - Aplicações Diretas";"0000 - FUNCIONAMENTO DE INSTITUICOES FEDERAIS DE EDUCACAO PROFISSIONAL E TECNOLOGICA";"0000";"12 - Educação";"363 - Ensino profissional";"20RL0035 - FUNCIONAMENTO DAS INSTITUICOES DA RED - NO ESTADO DE SAO PAU";"2031 - EDUCACAO PROFISSIONAL E TECNOLOGICA";"20RL - FUNCIONAMENTO DAS INSTITUICOES DA REDE FEDERAL DE EDUCACAO PROFISSIONAL, CIENTIFICA E TECNOLOGICA";
"23/12/2015";"158716264392015NE800074";"0035 - FUNCIONAMENTO DAS INSTITUICOES DA RED - NO ESTADO DE SAO PAU";"Empenho";"ORIGINAL";"82.330.937/0001-90 - TREZE COMERCIAL LTDA";"PR";"IFSP - CAMPUS JACAREI";"INST.FED.DE EDUC.,CIENC.E TEC.DE SAO PAULO";"Instituto Federal de Educação, Ciência e Tecnologia de São Paulo";"Ministério da Educação";"4.993,80";"3 - Outras Despesas Correntes";"30 - Material de Consumo";"90 - Aplicações Diretas";"0000 - FUNCIONAMENTO DE INSTITUICOES FEDERAIS DE EDUCACAO PROFISSIONAL E TECNOLOGICA";"0000";"12 - Educação";"363 - Ensino profissional";"20RL0035 - FUNCIONAMENTO DAS INSTITUICOES DA RED - NO ESTADO DE SAO PAU";"2031 - EDUCACAO PROFISSIONAL E TECNOLOGICA";"20RL - FUNCIONAMENTO DAS INSTITUICOES DA REDE FEDERAL DE EDUCACAO PROFISSIONAL, CIENTIFICA E TECNOLOGICA";
"29/12/2015";"158716264392015NE000042";"0035 - ASSISTENCIA AOS ESTUDANTES DA REDE FE - NO ESTADO DE SAO PAU";"Empenho";"ANULAÇÃO";"158716 - IFSP - CAMPUS JACAREI";"SP";"IFSP - CAMPUS JACAREI";"INST.FED.DE EDUC.,CIENC.E TEC.DE SAO PAULO";"Instituto Federal de Educação, Ciência e Tecnologia de São Paulo";"Ministério da Educação";"719,00";"3 - Outras Despesas Correntes";"18 - Auxílio Financeiro a Estudantes";"90 - Aplicações Diretas";"0000 - ASSISTENCIA AO ESTUDANTE DA EDUCACAO PROFISSIONAL E TECNOLOGICA";"0000";"12 - Educação";"363 - Ensino profissional";"29940035 - ASSISTENCIA AOS ESTUDANTES DA REDE FE - NO ESTADO DE SAO PAU";"2031 - EDUCACAO PROFISSIONAL E TECNOLOGICA";"2994 - ASSISTENCIA AOS ESTUDANTES DA REDE FEDERAL DE EDUCACAO PROFISSIONAL, CIENTIFICA E TECNOLOGICA";
"31/12/2015";"158716264392015NE800075";"0035 - FUNCIONAMENTO DAS INSTITUICOES DA RED - NO ESTADO DE SAO PAU";"Empenho";"ANULAÇÃO";"40.432.544/0001-47 - CLARO S.A.";"SP";"IFSP - CAMPUS JACAREI";"INST.FED.DE EDUC.,CIENC.E TEC.DE SAO PAULO";"Instituto Federal de Educação, Ciência e Tecnologia de São Paulo";"Ministério da Educação";"1.167,03";"3 - Outras Despesas Correntes";"39 - Outros Serviços de Terceiros - Pessoa Jurídica";"90 - Aplicações Diretas";"0000 - FUNCIONAMENTO DE INSTITUICOES FEDERAIS DE EDUCACAO PROFISSIONAL E TECNOLOGICA";"0000";"12 - Educação";"363 - Ensino profissional";"20RL0035 - FUNCIONAMENTO DAS INSTITUICOES DA RED - NO ESTADO DE SAO PAU";"2031 - EDUCACAO PROFISSIONAL E TECNOLOGICA";"20RL - FUNCIONAMENTO DAS INSTITUICOES DA REDE FEDERAL DE EDUCACAO PROFISSIONAL, CIENTIFICA E TECNOLOGICA";
"31/12/2015";"158716264392015NE800076";"0035 - FUNCIONAMENTO DAS INSTITUICOES DA RED - NO ESTADO DE SAO PAU";"Empenho";"ANULAÇÃO";"08.036.863/0001-20 - DIKA SUPRIMENTOS DE ESCRITORIO E INFORMATICA LTDA";"MG";"IFSP - CAMPUS JACAREI";"INST.FED.DE EDUC.,CIENC.E TEC.DE SAO PAULO";"Instituto Federal de Educação, Ciência e Tecnologia de São Paulo";"Ministério da Educação";"0,18";"3 - Outras Despesas Correntes";"30 - Material de Consumo";"90 - Aplicações Diretas";"0000 - FUNCIONAMENTO DE INSTITUICOES FEDERAIS DE EDUCACAO PROFISSIONAL E TECNOLOGICA";"0000";"12 - Educação";"363 - Ensino profissional";"20RL0035 - FUNCIONAMENTO DAS INSTITUICOES DA RED - NO ESTADO DE SAO PAU";"2031 - EDUCACAO PROFISSIONAL E TECNOLOGICA";"20RL - FUNCIONAMENTO DAS INSTITUICOES DA REDE FEDERAL DE EDUCACAO PROFISSIONAL, CIENTIFICA E TECNOLOGICA";
